use db_product;

select count(*) from Product p WHERE p.id_category = 11

select @@GLOBAL.time_zone
SET GLOBAL time_zone = '+7:00';

show databases;

select * from login;
select * from produk;
select * from users;
select * from riwayat_pembelian;
select * from preferensi;
select * from kategori;
desc login;
drop table riwayat_pembelian;
drop table produk;

create table login (
id_user int not null primary key AUTO_INCREMENT,
email varchar(225) not null,
username varchar(225) not null UNIQUE,
password varchar(20) not null);

create table users (
id_user int not null,
lokasi varchar(225) not null,
pekerjaan varchar(225) not null,
umur int(10) not null,
foreign key (id_user) references login(id_user));

create table kategori ( 
id_kategori int not null PRIMARY KEY AUTO_INCREMENT, 
nama_kategori varchar(225) not null, 
parent_id int not null);

create table produk (
id_produk int not null PRIMARY KEY AUTO_INCREMENT,
id_kategori int not null,
nama_produk varchar(225) not null,
deskripsi_produk text,
harga_produk decimal not null,
image_link varchar(225) not null,
brand varchar(225) not null,
warna varchar(225) not null,
bahan varchar(225) not null,
foreign key (id_kategori) references kategori(id_kategori));

create table preferensi (
id_user int not null,
brand varchar(225) not null, 
warna varchar(225) not null, 
bahan varchar(225) not null,
foreign key (id_user) references login(id_user));

create table riwayat_pembelian ( 
id_user int not null,
id_produk int not null,
jumlah int not null,
tanggal_beli date,
foreign key (id_user) references login(id_user),
foreign key (id_produk) references produk(id_produk));

insert into login (id_user, email, username, password) values
(1, 'erna9470@gmail.com', 'erna', 'abc123'),
(2, 'nadachai1811@gmail.com', 'nada', 'abc1234'),
(3, 'zalita284@gmail.com', 'zalita', 'abc45'),
(4, 'pritafauziah@gmail.com', 'prita', 'abc1'),
(5, 'ullyanadda@gmail.com', 'ullya', 'abc12'),
(6, 'gelsa@gmail.com', 'gelsa', 'aaa1'),
(7, 'bela@gmail.com', 'bela', 'aaa2'),
(8, 'pradita@gmail.com', 'pradita', 'aaa3'),
(9, 'wati@gmail.com', 'wati', 'aaa4'),
(10, 'fauziah@gmail.com', 'fauziah', 'aaa5'),
(11, 'agustin@gmail.com', 'agustin', 'aaa6'),
(12, 'merdi@gmail.com', 'merdi', 'aaa7'),
(13, 'nadya@gmail.com', 'nadya', 'aaa8'),
(14, 'utami@gmail.com', 'utami', 'aaa9'),
(15, 'desi@gmail.com', 'desi', 'aaa10'),
(16, 'puah@gmail.com', 'puah', 'aaa11'),
(17, 'sayidah@gmail.com', 'sayidah', 'aaa12'),
(18, 'popi@gmail.com', 'popi', 'aaa13'),
(19, 'sari@gmail.com', 'sari', 'aaa14'),
(20, 'tika@gmail.com', 'tika', 'aaa15'),
(21, 'susi@gmail.com', 'susi', 'aaa16'),
(22, 'titi@gmail.com', 'titi', 'aaa17'),
(23, 'nur@gmail.com', 'nur', 'aaa18'),
(24, 'ika@gmail.com', 'ika', 'aaa19'),
(25, 'hana@gmail.com', 'hana', 'aaa20'),
(26, 'pricila@gmail.com', 'pricila', 'aaa21'),
(27, 'dewi@gmail.com', 'dewi', 'aaa22'),
(28, 'syifa@gmail.com', 'syifa', 'aaa23'),
(29, 'lestari@gmail.com', 'lestari', 'aaa24'),
(30, 'imel@gmail.com', 'imel', 'aaa25'),
(31, 'lulugmail.com', 'lulu', 'aaa26'),
(32, 'retno@gmail.com', 'retno', 'aaa27'),
(33, 'ratna@gmail.com', 'ratna', 'aaa28'),
(34, 'winda@gmail.com', 'winda', 'aaa29'),
(35, 'diyah@gmail.com', 'diyah', 'aaa30'),
(36, 'ayu@gmail.com', 'ayu', 'aaa31'),
(37, 'erno@gmail.com', 'erno', 'aaa32'),
(38, 'erni@gmail.com', 'erni', 'aaa33'),
(39, 'clark@gmail.com', 'clark', 'aaa34'),
(40, 'al@gmail.com', 'al', 'aaa35'),
(41, 'siti@gmail.com', 'siti', 'aaa36'),
(42, 'marpuah@gmail.com', 'marpuah', 'aaa37'),
(43, 'maryam@gmail.com', 'maryam', 'aaa38'),
(44, 'ica@gmail.com', 'ica', 'aaa39'),
(45, 'aci@gmail.com', 'aci', 'aaa40'),
(46, 'eca@gmail.com', 'eca', 'aaa41'),
(47, 'eci@gmail.com', 'eci', 'aaa42'),
(48, 'dila@gmail.com', 'dila', 'aaa43'),
(49, 'nadir@gmail.com', 'nadir', 'aaa44'),
(50, 'cinta@gmail.com', 'cinta', 'aaa45'),

(51, 'sinta@gmail.com', 'sinta', 'aaa46'),
(52, 'santi@gmail.com', 'santi', 'aaa47'),
(53, 'arum@gmail.com', 'arum', 'aaa48'),
(54, 'hedi@gmail.com', 'hedi', 'aaa49'),
(55, 'hedoy@gmail.com', 'hedoy', 'aaa50'),
(56, 'tita@gmail.com', 'tita', 'aaa51'),
(57, 'tiari@gmail.com', 'tiari', 'aaa52'),
(58, 'anggraini@gmail.com', 'anggraini', 'aaa53'),
(59, 'gita@gmail.com', 'gita', 'aaa54'),
(60, 'yani@gmail.com', 'yani', 'aaa55'),
(61, 'ningsih@gmail.com', 'ningsih', 'aaa56'),
(62, 'hani@gmail.com', 'hani', 'aaa57'),
(63, 'dita@gmail.com', 'dita', 'aaa58'),
(64, 'egi@gmail.com', 'egi', 'aaa59'),
(65, 'ega@gmail.com', 'ega', 'aaa60'),
(66, 'andin@gmail.com', 'andin', 'aaa61'),
(67, 'anah@gmail.com', 'anah', 'aaa62'),
(68, 'inah@gmail.com', 'inah', 'aaa63'),
(69, 'linda@gmail.com', 'linda', 'aaa64'),
(70, 'ernot@gmail.com', 'ernot', 'aaa65'),
(71, 'lili@gmail.com', 'lili', 'aaa66'),
(72, 'lala@gmail.com', 'lala', 'aaa67'),
(73, 'lele@gmail.com', 'lele', 'aaa68'),
(74, 'prily@gmail.com', 'prily', 'aaa69'),
(75, 'nagita@gmail.com', 'nagita', 'aaa70'),
(76, 'maudy@gmail.com', 'maudy', 'aaa71'),
(77, 'mauda@gmail.com', 'mauda', 'aaa72'),
(78, 'siska@gmail.com', 'siska', 'aaa73'),
(79, 'mika@gmail.com', 'mika', 'aaa74' ),
(80, 'umu@gmail.com', 'umu', 'aaa75'),
(81, 'mirna@gmail.com', 'mirna', 'aaa76'),
(82, 'marni@gmail.com', 'marni', 'aaa77'),
(83, 'windi@gmail.com', 'windi', 'aaa78'),
(84, 'wendi@gmail.com', 'wendi', 'aaa79'),
(85, 'ine@gmail.com', 'ine', 'aaa80'),
(86, 'reni@gmail.com', 'reni', 'aaa81'),
(87, 'rena@gmail.com', 'rena', 'aaa82'),
(88, 'idah@gmail.com', 'idah', 'aaa83'),
(89, 'ani@gmail.com', 'ani', 'aaa84'),
(90, 'karim@gmail.com', 'karim', 'aaa85'),
(91, 'karina@gmail.com', 'karina', 'aaa86'),
(92, 'kajol@gmail.com', 'kajol', 'aaa87'),
(93, 'isah@gmail.com', 'isah', 'aaa88'),
(94, 'aqel@gmail.com', 'aqel', 'aaa89'),
(95, 'aira@gmail.com', 'aira', 'aaa90'),
(96, 'angel@gmail.com', 'angel', 'aaa91'),
(97, 'angela@gmail.com', 'angela', 'aaa92'),
(98, 'marry@gmail.com', 'marry', 'aaa93'),
(99, 'liza@gmail.com', 'liza', 'aaa94'),
(100, 'mir@gmail.com', 'mir', 'aaa95'),

(101, 'cantik@gmail.com', 'cantik', 'aaa96'),
(102, 'culen@gmail.com', 'culen', 'aaa97'),
(103, 'unyil@gmail.com', 'unyil', 'aaa98'),
(104, 'ijah@gmail.com', 'ijah', 'aaa99'),
(105, 'inem@gmail.com', 'inem', 'aaa100'),
(106, 'ipeh@gmail.com', 'ipeh', 'aaa101'),
(107, 'iin@gmail.com', 'iin', 'aaa102'),
(108, 'anti@gmail.com', 'anti', 'aaa103'),
(109, 'mawar@gmail.com', 'mawar', 'aaa104'),
(110, 'marwah@gmail.com', 'marwah', 'aaa105');

insert into users (id_user, lokasi, pekerjaan, umur) values
(1, 'depok', 'pelajar', 15),
(2, 'jakarta', 'pelajar', 15),
(3, 'depok', 'pelajar', 16),
(4, 'depok', 'pelajar', 16),
(5, 'jakarta', 'pelajar', 16),
(6, 'jakarta', 'mahasiswa', 18),
(7, 'depok', 'mahasiswa', 18),
(8, 'depok', 'pelajar', 18),
(9, 'jakarta', 'mahasiswa', 21),
(10, 'jakarta', 'model', 21),
(11, 'surabaya', 'mahasiswa', 21),
(12, 'surabaya', 'model', 25),
(13, 'denpasar', 'pramugari', 25),
(14, 'denpasar', 'model', 21),
(15, 'denpasar', 'model', 27),
(16, 'denpasar', 'pramugari', 27),
(17, 'bandung', 'tourget', 35),
(18, 'bandung', 'model', 35),
(19, 'bandung', 'pramugari', 27),
(20, 'denpasar', 'pramugari', 27),
(21, 'denpasar', 'pramugari', 27),
(22, 'bandung', 'pramugari', 28),
(23, 'bandung', 'pramugari', 28),
(24, 'ambon', 'pegawai swasta', 28),
(25, 'ambon', 'pramugari', 35),
(26, 'bekasi', 'pegawai swasta', 35),
(27, 'manado', 'pegawai swasta', 33),
(28, 'manado', 'pegawai swasta', 33),
(29, 'manado', 'pegawai swasta', 36),
(30, 'bekasi', 'pegawai swasta', 36),
(31, 'bekasi', 'pegawai swasta', 36),
(32, 'manado', 'perawat', 33),
(33, 'bekasi', 'tourget', 33),
(34, 'ambon', 'perawat', 33),
(35, 'ambon', 'perawat', 33),
(36, 'bekasi', 'perawat', 36),
(37, 'medan', 'wiraswasta', 45),
(38, 'medan', 'dokter', 47),
(39, 'medan', 'wiraswasta', 46),
(40, 'medan', 'wiraswasta', 47),
(41, 'malang', 'pns', 40),
(42, 'malang', 'pns', 41),
(43, 'malang', 'programmer', 41),
(44, 'lampung', 'programmer', 40),
(45, 'lampung', 'dokter', 42),
(46, 'gorontalo', 'wiraswasta', 44),
(47, 'lampung', 'pns', 41),
(48, 'palu', 'wiraswasta', 44),
(49, 'lampung', 'programmer', 41),
(50, 'lampung', 'pns', 40),

(51, 'depok', 'pelajar', 18),
(52, 'depok', 'mahasiswa', 16),
(53, 'surabaya', 'pelajar', 16),
(54, 'jakarta', 'model', 21),
(55, 'surabaya', 'model', 21),
(56, 'surabaya', 'pelajar', 15),
(57, 'surabaya', 'mahasiswa', 22),
(58, 'surabaya', 'model', 22),
(59, 'bandung', 'mahasiswa', 21),
(60, 'denpasar', 'mahasiswa', 22),

(61, 'bandung', 'mahasiswa', 21),
(62, 'bandung', 'model', 25),
(63, 'denpasar', 'model', 25),
(64, 'denpasar', 'pramugari', 27),
(65, 'denpasar', 'model', 27),
(66, 'denpasar', 'model', 28),
(67, 'bandung', 'pramugari', 28),
(68, 'bandung', 'model', 28),
(69, 'bekasi', 'pegawai swasta', 35),
(70, 'manado', 'tourget', 35),
(71, 'ambon', 'tourget', 33),
(72, 'ambon', 'perawat', 33),
(73, 'manado', 'tourget', 35),
(74, 'manado', 'perawat', 33),
(75, 'bekasi', 'tourget', 36),
(76, 'bekasi', 'tourget', 36),
(77, 'ambon', 'perawat', 36),
(78, 'ambon', 'tourget', 36),
(79, 'malang', 'pns', 40),
(80, 'malang', 'pns', 40),
(81, 'lampung', 'programmer', 41),
(82, 'lampung', 'programmer', 41),
(83, 'jember', 'programmer', 42),
(84, 'jember', 'pns', 42),
(85, 'lampung', 'pns', 42),
(86, 'jember', 'programmer', 42),
(87, 'jember', 'pns', 40),
(88, 'malang', 'programmer', 41),
(89, 'lampung', 'pns', 42),
(90, 'palu', 'dokter', 45),
(91, 'palu', 'dokter', 45),
(92, 'gorontalo', 'dokter', 45),
(93, 'gorontalo', 'dokter', 45),
(94, 'gorontalo', 'ceo', 46),
(95, 'gorontalo', 'ceo', 46),
(96, 'palu', 'ceo', 46),
(97, 'gorontalo', 'dokter', 46),
(98, 'palu', 'ceo', 47),
(99, 'palu', 'ceo', 47),
(100, 'palu', 'wiraswasta', 47),

(101, 'depok', 'pelajar', 16),
(102, 'jakarta', 'pelajar', 15),
(103, 'denpasar', 'mahasiswa', 18),
(104, 'surabaya', 'pelajar', 15),
(105, 'denpasar', 'mahasiswa', 21),
(106, 'bandung', 'mahasiswa', 21),
(107, 'bandung', 'model', 22),
(108, 'denpasar', 'pramugari', 27),
(109, 'surabaya', 'mahasiswa', 22),
(110, 'surabaya', 'model', 25);


insert into riwayat_pembelian (id_user, id_produk, jumlah, tanggal_beli) values
(1, 3, 5, '2020/8/1'),
(1, 24, 6, '2020/8/1'),
(1, 111, 5, '2020/8/1'),
(2, 3, 5, '2020/8/1'),
(2, 24, 3, '2020/8/1'),
(3, 8, 3, '2020/8/1'),
(3, 25, 3, '2020/8/1'),
(3, 111, 4, '2020/8/1'),
(4, 8, 4, '2020/8/1'),
(4, 116, 2, '2020/8/1'),
(5, 3, 1, '2020/8/2'),
(5, 25, 2, '2020/8/2'),
(5, 116, 4, '2020/8/2'),

(6, 13, 6, '2020/8/2'),
(6, 30, 3, '2020/8/2'),
(6, 91, 3, '2020/8/2'),
(7, 18, 4, '2020/8/2'),
(7, 30, 5, '2020/8/2'),
(8, 13, 2, '2020/8/2'),
(8, 30, 6, '2020/8/2'),

(9, 21, 2, '2020/8/2'),
(9, 46, 3, '2020/8/2'),
(9, 121, 4, '2020/8/2'),
(10, 21, 2, '2020/8/'),
(10, 46, 3, '2020/8/2'),
(11, 26, 3, '2020/8/2'),
(11, 121, 2, '2020/8/2'),

(12, 31, 4, '2020/8/3'),
(12, 51, 5, '2020/8/3'),
(12, 96, 6, '2020/8/3'),
(13, 31, 2, '2020/8/3'),
(14, 52, 5, '2020/8/3'),
(14, 96, 4, '2020/8/3'),

(15, 56, 3, '2020/8/3'),
(15, 102, 4, '2020/8/3'),
(15, 205, 5, '2020/8/3'),
(15, 204, 6, '2020/8/3'),
(16, 56, 4, '2020/8/3'),
(16, 103, 2, '2020/8/3'),

(17, 59, 4, '2020/8/4'),
(17, 106, 3, '2020/8/4'),
(17, 210, 5, '2020/8/4'),
(18, 59, 4, '2020/8/4'),
(18, 96, 2, '2020/8/4'),

(22, 54, 2, '2020/8/4'),
(22, 96, 3, '2020/8/4'),
(22, 214, 3, '2020/8/'),
(23, 214, 4, '2020/8/4'),
(24, 54, 2, '2020/8/4'),
(24, 96, 5, '2020/8/4'),

(19, 67, 4, '2020/8/4'),
(19, 101, 3, '2020/8/4'),
(19, 205, 3, '2020/8/4'),
(20, 101, 4, '2020/8/5'),
(20, 205, 1, '2020/8/5'),
(21, 66, 2, '2020/8/5'),
(21, 101, 3, '2020/8/5'),
(21, 217, 4, '2020/8/5'),

(25, 78, 2, '2020/8/5'),
(25, 216, 3, '2020/8/5'),
(25, 222, 2, '2020/8/5'),
(26, 216, 3, '2020/8/5'),
(27, 71, 4, '2020/8/5'),
(27, 219, 3, '2020/8/5'),
(27, 222, 2, '2020/8/5'),
(28, 78, 3, '2020/8/5'),

(32, 71, 4, '2020/8/6'),
(32, 205, 4, '2020/8/6'),
(32, 11, 5, '2020/8/6'),
(32, 8, 4, '2020/8/6'),
(33, 71, 3, '2020/8/6'),
(33, 212, 2, '2020/8/6'),
(33, 21, 3, '2020/8/6'),
(34, 212, 1, '2020/8/6'),
(34, 30, 2, '2020/8/6'),
(35, 71, 1, '2020/8/6'),
(35, 205, 4, '2020/8/6'),

(29, 74, 4, '2020/8/7'),
(29, 214, 3, '2020/8/7'),
(29, 217, 2, '2020/8/7'),
(30, 79, 4, '2020/8/7'),
(30, 208, 5, '2020/8/7'),
(30, 230, 6, '2020/8/7'),
(31, 74, 5, '2020/8/7'),
(31, 217, 4, '2020/8/7'),
(31, 230, 4, '2020/8/7'),
(36, 217, 3, '2020/8/7'),

(37, 72, 2, '2020/8/7'),
(37, 229, 5, '2020/8/7'),
(37, 177, 3, '2020/8/7'),
(38, 77, 1, '2020/8/8'),
(38, 177, 4, '2020/8/8'),
(39, 77, 3, '2020/8/8'),

(43, 85, 5, '2020/8/8'),
(43, 234, 3, '2020/8/8'),
(43, 180, 2, '2020/8/8'),
(44, 85, 1, '2020/8/8'),
(44, 232, 4, '2020/8/8'),
(45, 184, 4, '2020/8/8'),
(46, 79, 5, '2020/8/8'),
(46, 232, 6, '2020/8/8'),
(46, 184, 1, '2020/8/8'),

(40, 71, 3, '2020/8/8'),
(40, 232, 4, '2020/8/8'),
(40, 189, 3, '2020/8/8'),
(41, 71, 2, '2020/8/8'),
(41, 226, 3, '2020/8/9'),
(42, 90, 1, '2020/8/9'),
(42, 226, 3, '2020/8/9'),
(42, 187, 2, '2020/8/9'),

(47, 90, 5, '2020/8/9'),
(47, 226, 6, '2020/8/9'),
(47, 188, 2, '2020/8/9'),
(48, 90, 6, '2020/8/9'),
(49, 75, 2, '2020/8/9'),
(49, 230, 4, '2020/8/9'),
(49, 186, 3, '2020/8/9'),
(50, 75, 1, '2020/8/9'),

(51, 24, 1, '2020/8/1'),
(52, 2, 3, '2020/8/1'),
(52, 3, 4, '2020/8/1'),
(53, 2, 5, '2020/8/1'),
(54, 3, 2, '2020/8/1'),
(55, 25, 3, '2020/8/1'),

(56, 91, 3, '2020/8/1'),
(57, 30, 4, '2020/8/1'),
(58, 13, 3, '2020/8/1'),
(58, 12, 5, '2020/8/2'),
(59, 12, 2, '2020/8/2'),
(60, 21, 4, '2020/8/2'),
(60, 46, 3, '2020/8/2'),

(61, 121, 4, '2020/8/2'),
(62, 96, 2, '2020/8/2'),
(63, 96, 1, '2020/8/2'),
(63, 67, 3, '2020/8/2'),
(64, 56, 6, '2020/8/3'),
(65, 52, 3, '2020/8/3'),

(66, 53, 3, '2020/8/3'),
(67, 101, 4, '2020/8/3'),
(68, 55, 3, '2020/8/3'),
(68, 53, 3, '2020/8/3'),
(69, 205, 5, '2020/8/3'),
(70, 59, 4, '2020/8/3'),

(71, 106, 4, '2020/8/3'),
(71, 71, 3, '2020/8/3'),
(72, 212, 2, '2020/8/4'),
(73, 103, 1, '2020/8/4'),
(74, 8, 3, '2020/8/4'),
(75, 9, 4, '2020/8/4'),

(76, 21, 5, '2020/8/4'),
(77, 79, 4, '2020/8/4'), 
(77, 74, 3, '2020/8/4'),
(78, 217, 2, '2020/8/4'),
(79, 85, 3, '2020/8/4'),
(80, 77, 2, '2020/8/4'),
(80, 85,2, '2020/8/4'),

(81, 180, 4, '2020/8/6'),
(82, 187, 5, '2020/8/6'),
(82, 226, 4, '2020/8/6'),
(83, 184, 3, '2020/8/6'),
(83, 180, 2, '2020/8/6'),
(84, 90, 2, '2020/8/6'),
(85, 71, 1, '2020/8/6'),

(86, 184, 4, '2020/8/6'),
(86, 232, 2, '2020/8/6'),
(87, 226, 3, '2020/8/6'),
(88, 234, 1, '2020/8/6'),
(89, 180, 3, '2020/8/7'),
(89, 90, 2, '2020/8/7'),
(90, 72, 4, '2020/8/7'),

(91, 229, 4, '2020/8/7'),
(92, 177, 5, '2020/8/7'),
(92, 72, 5, '2020/8/8'),
(93, 185, 1, '2020/8/8'),
(93, 72, 3, '2020/8/8'),
(94, 77, 2, '2020/8/8'),
(95, 177, 4, '2020/8/8'),
(95, 189, 5, '2020/8/8'),
(96, 72, 6, '2020/8/8'),
(97, 177, 6, '2020/8/9'),
(98, 72, 5, '2020/8/9'),
(98, 75, 2, '2020/8/9'),
(99, 74, 5, '2020/8/9'),
(100, 74, 5, '2020/8/9'),

(101, 8, 2, '2020/8/1'),
(101, 111, 3, '2020/8/1'),
(101, 116, 5, '2020/8/1'),
(101, 7, 4, '2020/8/1'),
(102, 3, 3, '2020/8/1'),
(102, 25, 2, '2020/8/1'),
(102, 8, 2, '2020/8/1'),
(103, 31, 5, '2020/8/1'),
(103, 32, 4,  '2020/8/1'),
(104, 30, 3, '2020/8/2'),
(104, 26, 5, '2020/8/2'),
(105, 46, 5, '2020/8/2'),
(105, 50, 4, '2020/8/2'),
(106, 121, 3, '2020/8/2'),
(106, 12, 2, '2020/8/2'),
(106, 1, 4, '2020/8/2'),
(107, 96, 2, '2020/8/2'),
(107, 98, 3, '2020/8/2'),
(108, 103, 5, '2020/8/2'),
(108, 104, 3, '2020/8/2'),
(109, 3, 2, '2020/8/1'),
(110, 12, 3, '2020/8/1');


insert into preferensi(id_user, brand, warna, bahan) values
(1, 'zara', 'hitam', 'katun'),
(1, 'mango', 'hijau', 'katun'),
(1, 'adidas', 'biru', 'denim'),
(2, 'zara', 'hitam', 'katun'),
(2, 'mango', 'hijau', 'katun'),
(3, 'zara', 'krem', 'serat selulosa'),
(3, 'mango', 'pink', 'katun'),
(3, 'adidas', 'biru', 'denim'),
(4, 'zara', 'krem', 'serat selulosa'),
(4, 'zara', 'biru', 'katun'),
(5, 'zara', 'hitam', 'katun'),
(5, 'mango', 'pink', 'katun'),
(5, 'zara', 'biru', 'katun'),

(6, 'pull&bear', 'biru', 'katun'),
(6, 'zara', 'krem', 'katun'),
(6, 'nike', 'putih', 'poliester'),
(7, 'h&m', 'pink', 'katun'),
(7, 'zara', 'krem', 'katun'),
(8, 'zara', 'krem', 'katun'),
(8, 'nike', 'putih', 'poliester'),


(9, 'zara', 'putih', 'katun'),
(9, 'mango', 'biru', 'rajut'),
(9, 'zara', 'abu-abu', 'denim'),
(10, 'zara', 'putih', 'katun'),
(10, 'mango', 'biru', 'rajut'),
(11, 'zara', 'orange', 'katun'),
(11, 'zara', 'abu-abu', 'denim'),

(12, 'zara', 'ungu', 'poliester'),
(12, 'mango', 'merah', 'katun'),
(12, 'nike', 'hitam', 'poliester'),
(13, 'zara', 'ungu', 'poliester'),
(14, 'zara', 'hitam', 'katun'),
(14, 'nike', 'hitam', 'poliester'),

(15, 'mango', 'ungu', 'katun'),
(15, 'zara', 'motif', 'katun'),
(15, 'nike', 'hitam', 'upper cotton'),
(15, 'nike', 'putih', 'upper cotton'),
(16, 'mango', 'ungu', 'katun'),
(16, 'zara', 'motif', 'poliester'),


(17, 'adidas', 'putih', 'katun'),
(17, 'mango', 'krem', 'poliester'),
(17, 'zara', 'merah', 'kulit'),
(18, 'adidas', 'putih', 'katun'),
(18, 'h&m', 'ungu', 'kulit'),

(22, 'zara', 'ungu', 'poliester'),
(22, 'nike', 'hitam', 'poliester'),
(22, 'h&m', 'ungu', 'kulit'),
(23, 'h&m', 'ungu', 'kulit'),
(24, 'zara', 'ungu', 'poliester'),
(24, 'nike', 'hitam', 'poliester'),


(25, 'mango', 'krem', 'serat selulosa'),
(25, 'mango', 'coklat', 'kulit'),
(25, 'zara', 'coklat', 'kulit'),
(26, 'mango', 'coklat', 'kulit'),
(27, 'mango', 'krem', 'serat selulosa'),
(27, 'mango', 'coklat', 'kulit'),
(27, 'zara', 'coklat', 'kulit'),
(28, 'mango', 'krem', 'serat selulosa'),

(32, 'zara', 'abu-abu', 'katun'),
(32, 'nike', 'hitam', 'upper cotton'),
(32, 'pull&bear', 'hitam', 'denim'),
(32, 'h&m', 'krem', 'serat selulosa'),
(33, 'zara', 'abu-abu', 'katun'),
(33, 'h&m', 'hitam', 'kulit'),
(33, 'zara', 'putih', 'katun'),
(34, 'h&m', 'hitam', 'kulit'),
(34, 'zara', 'krem', 'katun'),
(35, 'zara', 'abu-abu', 'katun'),
(35, 'nike', 'hitam', 'upper cotton'),


(29, 'zara', 'hitam', 'katun'),
(29, 'h&m', 'hijau', 'kulit'),
(29, 'mango', 'putih', 'kulit'),
(30, 'mango', 'hitam', 'poliester'),
(30, 'zara', 'hitam', 'kulit'),
(30, 'mango', 'hitam', 'kulit'),
(31, 'zara', 'hitam', 'katun'),
(31, 'mango', 'putih', 'kulit'),
(31, 'mango', 'hitam', 'kulit'),
(36, 'mango', 'putih', 'kulit'),


(37, 'zara', 'abu-abu', 'poliester'),
(37, 'mango', 'putih', 'kulit'),
(37, 'zara', 'putih', 'kulit'),
(38, 'mango', 'putih', 'poliester'),
(38, 'zara', 'putih', 'kulit'),
(39, 'mango', 'putih', 'poliester'),

(43, 'adidas', 'putih', 'poliester'),
(43, 'h&m', 'kuning', 'kulit'),
(43, 'zara', 'biru', 'kulit'),
(44, 'adidas', 'putih', 'poliester'),
(44, 'h&m', 'hitam', 'kulit'),
(45, 'zara', 'biru', 'kulit'),
(46, 'mango', 'hitam', 'poliester'),
(46, 'h&m', 'hitam', 'kulit'),
(46, 'zara', 'biru', 'kulit'),


(40, 'zara', 'abu-abu', 'katun'),
(40, 'h&m', 'hitam', 'kulit'),
(40, 'h&m', 'ungu', 'kulit'),
(41, 'zara', 'abu-abu', 'katun'),
(41, 'mango', 'hitam', 'kulit'),
(42, 'adidas', 'abu-abu', 'poliester'),
(42, 'mango', 'hitam', 'kulit'),
(42, 'h&m', 'hitam', 'kulit'),

(47, 'adidas', 'abu-abu', 'poliester'),
(47, 'mango', 'hitam', 'kulit'),
(47, 'h&m', 'hitam', 'kulit'),
(48, 'adidas', 'abu-abu', 'poliester'),
(49, 'mango', 'hijau', 'viscose'),
(49, 'mango', 'hitam', 'kulit'),
(49, 'h&m', 'hijau', 'kulit'),
(50, 'mango', 'hijau', 'viscose'),

(51, 'mango', 'hijau', 'katun'),
(52, 'zara', 'motif', 'katun'),
(53, 'zara', 'hitam', 'katun'),
(54, 'mango', 'hijau', 'katun'),
(55, 'mango', 'pink', 'katun'),

(56, 'nike', 'putih', 'poliester'),
(57, 'zara', 'krem', 'katun'),
(58, 'pull&bear', 'biru', 'katun'),
(58, 'pull&bear', 'biru', 'denim'),
(59, 'mango', 'biru', 'rajut'),
(60, 'zara', 'putih', 'katun'),

(61, 'zara', 'abu-abu', 'denim'),
(62, 'nike', 'hitam', 'poliester'),
(63, 'nike', 'hitam', 'poliester'),
(63, 'adidas', 'hitam', 'catton'),
(64, 'zara', 'hitam', 'katun'),
(65, 'mango', 'ungu', 'katun'),

(66, 'zara', 'putih', 'rajut'),
(67, 'zara', 'hijau', 'linen'),
(68, 'mango', 'hijau', 'poliester'),
(69, 'zara', 'putih', 'kulit'),
(70, 'adidas', 'putih', 'katun'),

(71, 'mango', 'krem', 'poliester'),
(71, 'mango', 'krem', 'poliester'),
(72, 'zara', 'krem', 'katun'),
(73, 'zara', 'motif', 'poliester'),
(74, 'zara', 'krem', 'serat selulosa'),
(75, 'h&m', 'krem', 'serat selulosa'),

(76, 'zara', 'putih', 'katun'),
(76, 'h&m', 'krem', 'serat selulosa'),
(77, 'mango', 'hitam', 'poliester'),
(77, 'mango', 'putih', 'poliester'),
(78, 'mango', 'putih', 'kulit'),
(79, 'adidas', 'putih', 'poliester'),
(80, 'mango', 'putih', 'poliester'),
(80, 'adidas', 'putih', 'poliester'),
(81, 'zara', 'biru', 'kulit'),
(82, 'h&m', 'hitam', 'kulit'),
(83, 'mango', 'hitam', 'kulit'),
(83, 'zara', 'biru', 'kulit'),
(84, 'adidas', 'abu-abu', 'poliester'),
(85, 'zara', 'abu-abu', 'katun'),
(86, 'mango', 'biru', 'kulit'),
(86, 'h&m', 'hitam', 'kulit'),
(87, 'mango', 'hitam', 'kulit'),
(88, 'h&m', 'kuning', 'kulit'),
(89, 'zara', 'biru', 'kulit'),
(89, 'adidas', 'abu-abu', 'poliester'),
(90, 'zara', 'abu-abu', 'poliester'),
(91, 'mango', 'hitam', 'kulit'),
(92, 'zara', 'putih', 'kulit'),
(92, 'zara', 'abu-abu', 'poliester'),
(93, 'mango', 'coklat', 'kulit'),
(92, 'zara', 'abu-abu', 'poliester'),
(94, 'mango', 'putih', 'poliester'),
(95, 'zara', 'putih', 'kulit'),
(95, 'h&m', 'coklat', 'kulit'),
(96, 'mango', 'coklat', 'kulit'),
(97, 'zara', 'putih', 'kulit'),
(98, 'zara', 'putih', 'kulit'),
(99, 'zara', 'hitam', 'katun'),
(100, 'zara', 'hitam', 'katun'),

(101, 'zara', 'krem', 'serat selulosa'),
(101, 'adidas', 'biru', 'denim'),
(101, 'zara', 'biru', 'katun'),
(101, 'h&m', 'krem', 'satin'),
(102, 'zara', 'hitam', 'katun'),
(102, 'mango', 'pink', 'katun'),
(102, 'zara', 'krem', 'serat selulosa'),
(103, 'zara', 'krem', 'katun'),
(103, 'zara', 'ungu', 'poliester'),
(104, 'nike', 'putih', 'poliester'),
(104, 'zara', 'abu-abu', 'denim'),
(105, 'zara', 'putih', 'katun'),
(105, 'mango', 'putih', 'poliester'),
(106, 'zara', 'abu-abu', 'denim'),
(106, 'pull&bear', 'biru', 'denim'),
(106, 'zara', 'motif', 'katun'),
(107, 'nike', 'hitam', 'poliester'),
(107, 'adidas', 'biru', 'poliester'),
(108, 'zara', 'motif', 'poliester'),
(108, 'zara', 'motif', 'katun'),
(109, 'pull&bear', 'biru', 'katun'),
(110, 'pull&bear', 'biru', 'denim');



insert into kategori (id_kategori, nama_kategori, parent_id) values
(1, 'fashion wanita', 0),                                         
(11, 'atasan', 1),
(12, 'celana', 1),
(13, 'tas', 1),
(14, 'sepatu', 1),
(111, 'kemeja', 11),
(112, 'tanktop', 11),
(113, 'kaos', 11),
(121, 'celana panjang', 12),
(122, 'celana pendek', 12),
(123, 'celana jeans', 12),
(131, 'hand bag', 13),
(132, 'selempang', 13),
(133, 'back pack', 13),
(141, 'sneakers', 14),
(142, 'heels', 14),
(143, 'flat shoes', 14);

insert into produk (id_produk, id_kategori, nama_produk, deskripsi_produk, harga_produk, image_link, brand, warna, bahan) values
(1, 111, 'Kemeja motif', 'Bahan Flanel | LD : 94cm | P : 51cm', 599900, 'https://static.zara.net/photos///2020/V/0/1/p/2479/209/330/2/w/1538/2479209330_6_1_1.jpg?ts=1582028993240', 'zara', 'motif', 'katun'),
(2, 111, 'Blus motif hewan', 'size xs, s, m, l. Bahan: katun', 599000, 'https://static.zara.net/photos///2020/V/0/1/p/7484/030/064/2/w/1538/7484030064_6_1_1.jpg?ts=1582029193134', 'zara', 'motif', 'katun'),
(3, 111, 'Blus kerah mandarin putih', 'size xs, s, m, l. Bahan: katun', 499900, 'https://static.zara.net/photos///2020/V/0/1/p/8004/021/250/2/w/1256/8004021250_2_1_1.jpg?ts=1582275370968', 'zara', 'hitam', 'katun'),
(4, 111, 'Kemeja Popelin dengan rimpel', 'size xs, s, m, l. Bahan: katun', 399900, 'https://static.zara.net/photos///2020/V/0/1/p/8004/021/250/2/w/1256/8004021250_2_1_1.jpg?ts=1582275370968', 'zara', 'putih', 'katun'),
(5, 111, 'Kemeja popelin bordiran', 'size xs, s, m, l Bahan: katun', 479900, 'https://static.zara.net/photos///2020/V/0/1/p/7200/024/250/2/w/1538/7200024250_2_1_1.jpg?ts=1582029192947', 'h&m', 'putih', 'katun'),
(6, 111, 'Blus bahan satin', 'size s, m, l Bahan: katun', 699900, 'https://static.zara.net/photos///2020/V/0/1/p/3666/028/500/2/w/1538/3666028500_6_1_1.jpg?ts=1582029104093', 'h&m', 'hijau', 'katun'),
(7, 111, 'Blus linen', 'size s, m, l, xl Bahan: linen', 400900, 'https://static.zara.net/photos//mkt/misc/watermarks/joinlife-ss19-v2/joinlife-large.svg?ts=1571917268523', 'h&m', 'krem', 'satin'),
(8, 111, 'kemeja lengan pof', 'size s, m, l, xl Bahan: jatuh', 599902, 'https://static.zara.net/photos///2020/V/0/1/p/3067/005/727/2/w/1538/3067005727_1_1_1.jpg?ts=1578653093705', 'zara', 'krem', 'serat selulosa'),
(9, 111, 'kemeja kancing', 'size xs, m, l, xl Bahan: jatuh', 699900, 'https://static.zara.net/photos///2020/V/0/1/p/4437/053/711/2/w/1538/4437053711_6_1_1.jpg?ts=1581004582161', 'h&m', 'krem', 'serat selulosa'),
(10, 111, 'kemeja oversize', 'size xs, m, l Bahan: jatuh', 599903, 'https://static.zara.net/photos///2020/V/0/1/p/3067/016/712/2/w/1656/3067016712_1_1_1.jpg?ts=1582737339565', 'h&m', 'putih', 'serat selulosa'),
(11, 111, 'kemeja denim', 'size xs, m, l Bahan: denim', 479900, 'https://static.zara.net/photos///2020/V/0/1/p/7986/021/800/2/w/1656/7986021800_6_1_1.jpg?ts=1580468194093', 'pull&bear', 'hitam', 'denim'),
(12, 111, 'kemeja denim biru', 'size xs,s m, l, xl Bahan: denim', 479900, 'https://static.zara.net/photos///2020/V/0/1/p/8197/020/400/2/w/1656/8197020400_6_1_1.jpg?ts=1579873275261', 'pull&bear', 'biru', 'denim'),
(13, 111, 'kemeja biru', 'size xs,s m, l, xl Bahan: katun', 549900, 'https://static.zara.net/photos///2020/V/0/1/p/7147/022/427/2/w/1450/7147022427_1_1_1.jpg?ts=1583412226410', 'pull&bear', 'biru', 'katun'),
(14, 111, 'kemeja biru p&b', 'size xs,s m, l, xl Bahan: serat selulosa', 599905, 'https://static.zara.net/photos//mkt/misc/watermarks/joinlife-ss19-v2/joinlife-large.svg?ts=1571917268523', 'h&m', 'biru', 'serat selulosa'),
(15, 111, 'kemeja motif macan', 'size xs,s m, l, xl Bahan: poliester', 479900, 'https://static.zara.net/photos///2020/V/0/1/p/2100/201/051/2/w/1450/2100201051_6_1_1.jpg?ts=1577720984504', 'h&m', 'motif', 'poliester'),
(16, 111, 'kemaja motif kotak', 'size xs,s m, l, xl Bahan: poliester', 699900, 'https://static.zara.net/photos///2020/V/0/1/p/2538/151/605/2/w/1450/2538151605_6_1_1.jpg?ts=1581670578994', 'h&m','motif', 'poliester'),
(17, 111, 'kemeja piyama motif', 'size xs,s m, l, xl Bahan: poliester', 599905, 'https://static.zara.net/photos///2020/V/0/1/p/2581/665/056/2/w/1450/2581665056_6_1_1.jpg?ts=1583768912316', 'h&m', 'motif corak', 'poliester'),
(18, 111, 'kemeja pink poplyn oversize', 'size xs,s m, l, xl Bahan: katun', 479900, 'https://static.zara.net/photos///2020/V/0/1/p/3067/045/622/2/w/1450/3067045622_6_1_1.jpg?ts=1583400231251', 'h&m', 'pink', 'katun'),
(19, 111, 'kemeja pink linen crop', 'size xs,s m, l, xl Bahan: denim', 599900,'https://static.zara.net/photos//mkt/misc/watermarks/joinlife-ss19-v2/joinlife-large.svg?ts=1571917268523', 'zara', 'pink', 'linen'),
(20, 111, 'kemeja hijau linen crop', 'size xs,s m, l, xl Bahan: linen', 479900, 'https://static.zara.net/photos///2020/V/0/1/p/2361/500/506/2/w/1450/2361500506_6_1_1.jpg?ts=1583846464947', 'pull&bear', 'hijau', 'linen'),
(21, 112, 'kaos text', 'size xs,s m, l, xl', 399900, 'https://static.zara.net/photos///2020/I/0/1/p/5643/420/029/2/w/2220/5643420029_6_1_1.jpg?ts=1599215279373', 'zara', 'putih', 'katun'),
(22, 112, 'kaos polos kuning', 'size xs,s m, l, xl', 299900, 'https://static.zara.net/photos///2020/V/0/1/p/4174/156/300/2/w/1450/4174156300_2_1_1.jpg?ts=1580382682814', 'zara', 'kuning', 'katun'),
(23, 112, 'kaos orane', 'size xs,s m, l, xl', 299900, 'https://static.zara.net/photos///2020/V/0/1/p/1443/036/615/2/w/1450/1443036615_6_1_1.jpg?ts=1583399692255', 'mango','orange', 'katun'),
(24, 112, 'kaos polos hijau', 'size xs,s m, l, xl', 299900, 'https://static.zara.net/photos//mkt/misc/watermarks/joinlife-ss19-v2/joinlife-large.svg?ts=1571917268523', 'mango', 'hijau', 'katun'),
(25, 112, 'kaos pink basic', 'size xs,s m, l, xl', 299900, 'https://static.zara.net/photos//mkt/misc/watermarks/joinlife-ss19-v2/joinlife-large.svg?ts=1571917268523', 'mango', 'pink', 'katun'),
(26, 112, 'kaos motif belang-belang', 'size xs,s m, l, xl', 139900, 'https://static.zara.net/photos///2020/V/0/1/p/0264/337/025/2/w/1450/0264337025_1_1_1.jpg?ts=1583927841818', 'zara', 'orange', 'katun'),
(27, 112, 'kaos kerah hitam', 'size xs,s m, l, xl', 199900, 'https://static.zara.net/photos//mkt/misc/watermarks/joinlife-ss19-v2/joinlife-large.svg?ts=1571917268523', 'h&m', 'hitam', 'katun'),
(28, 112, 'kaos simpul ungu', 'size xs,s m, l, xl', 299900, 'https://static.zara.net/photos///2020/V/0/1/p/0264/316/612/2/w/1450/0264316612_2_5_1.jpg?ts=1583855678784', 'pull&bear', 'ungu', 'viscose'),
(29, 112, 'kaos ungu', 'size xs,s m, l, xl', 139900, 'https://static.zara.net/photos//mkt/misc/watermarks/joinlife-ss19-v2/joinlife-large.svg?ts=1571917268523', 'mango', 'ungu', 'katun'),
(30, 112, 'kaos crom', 'size xs,s m, l, xl Bahan: denim', 189900, 'https://static.zara.net/photos///2020/V/0/1/p/4424/310/505/2/w/1450/4424310505_2_1_1.jpg?ts=1583422451977', 'zara', 'krem', 'katun'),
(31, 112, 'kaos rumbai hitam', 'size xs,s m, l, xl ', 229900, 'https://static.zara.net/photos///2020/V/0/1/p/5039/160/800/2/w/1450/5039160800_2_1_1.jpg?ts=1582735540773', 'zara', 'ungu', 'poliester'),
(32, 112, 'kaos rumbai ungu', 'size xs,s m, l, xl', 229900, 'https://static.zara.net/photos//mkt/misc/watermarks/joinlife-ss19-v2/joinlife-large.svg?ts=1571917268523', 'zara', 'ungu', 'poliester'),
(33, 112, 'kaos abu-abu', 'size xs,s m, l, xl', 119000, 'https://static.zara.net/photos///2019/I/0/1/p/7901/866/802/2/w/1450/7901866802_6_1_1.jpg?ts=1568214106701', 'zara', 'abu-abu', 'nilon'),
(34, 112, 'kaos oblong abu-abu', 'size xs,s m, l, xl', 199000, 'https://static.zara.net/photos///2019/I/0/1/p/0962/632/822/2/w/1450/0962632822_6_1_1.jpg?ts=1571055568522', 'mango', 'abu-abu', 'nilon'),
(35, 112, 'kaos belang-belang', 'size xs,s m, l, xl', 200000, 'https://static.zara.net/photos//mkt/misc/watermarks/joinlife-ss19-v2/joinlife-large.svg?ts=1571917268523', 'mango', 'motif', 'katun'),
(36, 112, 'jersey rajut bergaris', 'size xs,s m, l, xl', 299000, 'https://static.zara.net/photos//mkt/misc/watermarks/joinlife-ss19-v2/joinlife-large.svg?ts=1571917268523', 'mango', 'motif', 'rajut'),
(37, 112, 'jersey rajut garis hitam', 'size xs,s m, l, xl', 399000, 'https://static.zara.net/photos///2020/V/0/1/p/3859/008/070/2/w/1450/3859008070_6_1_1.jpg?ts=1580821262222', 'zara', 'motif', 'rajut'),
(38, 112, 't-shirt hijau', 'size xs,s m, l, xl', 199000, 'https://st.mngbcn.com/rcs/pics/static/T6/fotos/S20/67064427_43.jpg?ts=1580384109419&imwidth=427&imdensity=2', 'mango', 'hijau', 'katun'),
(39, 112, 'baju merah adidas', 'size xs,s m, l, xl', 499900, 'https://static.shop.adidas.co.id/media/catalog/product/cache/2/thumbnail/1200x/9df78eab33525d08d6e5fb8d27136e95/F/M/FM2439_FR_Torso_eCom.jpg', 'adidas', 'merah', 'katun'),
(40, 112, 'kaos putih adidas', 'size xs,s m, l, xl', 229000, 'https://static.shop.adidas.co.id/media/catalog/product/cache/2/thumbnail/1200x/9df78eab33525d08d6e5fb8d27136e95/F/M/FM3293_FR_Torso_eCom.jpg', 'adidas', 'putih', 'katun'),
(41, 112, 'kaos nike pink', 'size xs,s m, l, xl', 350000, 'https://c.static-nike.com/a/images/c_limit,w_592,f_auto/t_product_v1/1d446727-7249-444e-9b3e-12a06c22d08f/sportswear-essential-t-shirt-9RqXMb.jpg', 'nike', 'pink', 'katun'),
(42, 112, 'kaos nike abu-abu', 'size xs,s m, l, xl', '119000', 'https://static.nike.com/a/images/c_limit,w_592,f_auto/t_product_v1/gnfhszdnyhlpwf9ylhny/sportswear-swoosh-t-shirt-5NS2Xp.jpg', 'nike', 'abu-abu', 'katun'),
(43, 112, 'kaos nike run hitam', 'size xs,s m, l, xl', 129000, 'https://c.static-nike.com/a/images/c_limit,w_592,f_auto/t_product_v1/29a24010-3c8b-4e63-82d6-8c07c916b7ed/short-sleeve-running-top-VSM6x9.jpg', 'nike', 'hitam', 'katun'),
(44, 112, 'kaos adidas biru', 'size xs,s m, l, xl', 369000, 'https://static.shop.adidas.co.id/media/catalog/product/cache/2/small_image/230x/9df78eab33525d08d6e5fb8d27136e95/F/N/FN6000_F_Model_eCom.jpg', 'adidas', 'biru', 'katun'),
(45, 112, 'kaos adidas hitam', 'size xs,s m, l, xl', 250000, 'https://static.shop.adidas.co.id/media/catalog/product/cache/2/small_image/230x/9df78eab33525d08d6e5fb8d27136e95/G/K/GK1725_F_Model_eCom.jpg', 'adidas', 'hitam', 'katun'),
(46, 113, 'tanktop biru', 'size xs,s m, l, xl', 119000, 'https://st.mngbcn.com/rcs/pics/static/T6/fotos/S20/67037881_52.jpg?ts=1581496409385&imwidth=427&imdensity=2', 'mango', 'biru', 'rajut'),
(47, 113, 'tanktop kuning', 'size xs,s m, l', 99000, 'https://st.mngbcn.com/rcs/pics/static/T6/fotos/S20/67074398_15_B.jpg?ts=1574872445458&imwidth=320&imdensity=2', 'mango', 'kuning', 'rajut'),
(48, 113, 'tanktop merah rumbai', 'size xs,s m, l', 299000, 'https://st.mngbcn.com/rcs/pics/static/T6/fotos/S20/67057660_76.jpg?ts=1582792414002&imwidth=427&imdensity=2', 'mango', 'merah', 'poliester'),
(49, 113, 'tanktop hitam', 'size xs,s m, l', 329000, 'https://st.mngbcn.com/rcs/pics/static/T6/fotos/S20/67090548_99.jpg?ts=1577437441338&imwidth=427&imdensity=2', 'mango', 'hitam', 'poliester'),
(50, 113, 'tanktop putih', 'size xs,s m, l', 109000, 'https://st.mngbcn.com/rcs/pics/static/T6/fotos/S20/67082897_01.jpg?ts=1575878629578&imwidth=427&imdensity=2', 'mango', 'putih', 'poliester'),
(51, 113, 'tanktop merah motif', 'size xs,s m, l', 299000, 'https://st.mngbcn.com/rcs/pics/static/T6/fotos/outfit/S20/67070510_70-99999999_01.jpg?ts=1571060149807&imwidth=427&imdensity=2', 'mango', 'merah', 'katun'),
(52, 113, 'tanktop hitam motif', 'size xs,s m, l, xl', 199000, 'https://st.mngbcn.com/rcs/pics/static/T6/fotos/S20/67040025_99.jpg?ts=1571328267837&imwidth=427&imdensity=2', 'zara', 'hitam', 'katun'),
(53, 113, 'tanktop croptop putih', 'size xs,s m, l, xl', 229900, 'https://st.mngbcn.com/rcs/pics/static/T6/fotos/S20/67055965_01_D2.jpg?ts=1582792414002&imwidth=285&imdensity=2', 'zara', 'putih', 'rajut'),
(54, 113, 'tanktop ungu', 'size xs,s m, l, xl', 139000, 'https://static.zara.net/photos///2020/V/0/1/p/5039/043/611/2/w/1450/5039043611_6_1_1.jpg?ts=1583945660125', 'zara', 'ungu', 'poliester'),
(55, 113, 'tanktop hijau', 'size xs,s m, l, xl', 149000, 'https://st.mngbcn.com/rcs/pics/static/T6/fotos/S20/67047896_43_B.jpg?ts=1580981662188&imwidth=285&imdensity=2', 'mango', 'hijau', 'poliester'),
(56, 113, 'tanktop ungu muda', 'size xs,s m, l, xl', 159000, 'https://static.zara.net/photos///2020/V/0/1/p/0264/732/629/2/w/1450/0264732629_6_1_1.jpg?ts=1582274947621', 'mango', 'ungu', 'katun'),
(57, 113, 'tanktop putih nike', 'size xs,s m, l, xl', 278000, 'https://c.static-nike.com/a/images/c_limit,w_592,f_auto/t_product_v1/tvomps1tspq5o3jnzx5k/miler-running-tank-q344Hr.jpg', 'nike', 'putih', 'katun'),
(58, 113, 'nike sportwear merah', 'size xs,s m, l, xl', 418000, 'https://static.nike.com/a/images/c_limit,w_592,f_auto/t_product_v1/upav9vfbeckmxbidfksr/sportswear-tank-zmPrDh.jpg', 'nike', 'merah', 'poliester'),
(59, 113, 'tanktop adidas putih', 'size xs,s m, l, xl', 418000, 'https://static.shop.adidas.co.id/media/catalog/product/cache/2/small_image/230x/9df78eab33525d08d6e5fb8d27136e95/F/I/FI6709_F_Model_eCom.jpg', 'adidas', 'putih', 'katun'),
(60, 113, 'tanktop nike hitam', 'size xs,s m, l, xl', 300000, 'https://c.static-nike.com/a/images/c_limit,w_592,f_auto/t_product_v1/dc5jd7qcnka8lmxrvrih/yoga-dri-fit-tank-v6sBqv.jpg', 'nike', 'hitam', 'poliester'),
(61, 113, 'tanktop bra ungu', 'size xs,s m, l, xl', 250000, 'https://static.nike.com/a/images/t_PDP_864_v1/f_auto,b_rgb:f5f5f5/e5f71181-27ac-470b-97fb-ecc12f9b05e8/yoga-luxe-infinalon-cropped-tank-cRqJjN.jpg', 'nike', 'ungu', 'nylon'),
(62, 113, 'tanktop orange nike', 'size xs,s m, l, xl', 450000, 'https://static.nike.com/a/images/t_PDP_1728_v1/f_auto,b_rgb:f5f5f5/cb847223-93f1-4118-86e3-5a47f78b34df/yoga-luxe-crop-top-7hpZ7h.jpg', 'nike', 'orange', 'nylon'),
(63, 113, 'tanktop nike orange', 'size xs,s m, l, xl', 399000, 'https://static.nike.com/a/images/t_PDP_864_v1/f_auto,b_rgb:f5f5f5/488762b1-9239-41e2-b88c-d577a33aa2f8/aeroswift-running-gilet-xhQF13.jpg', 'nike', 'orange', 'nylon'),
(64, 113, 'nike fase corak', 'size xs,s m, l, xl', 289000, 'https://static.nike.com/a/images/t_PDP_864_v1/f_auto,b_rgb:f5f5f5/i1-449385aa-d0b2-40c5-ad3c-ff00856df4da/fast-running-tank-Hjzt7g.jpg', 'nike', 'motif', 'poliester'),
(65, 113, 'tanktop adidas putih', 'size xs,s m, l, xl', 420000, 'https://static.shop.adidas.co.id/media/catalog/product/cache/2/thumbnail/1200x/9df78eab33525d08d6e5fb8d27136e95/G/D/GD0967_FR_Torso_eCom.jpg', 'adidas', 'putih', 'cotton'),
(66, 113, 'tanktop piru adidas', 'size xs,s m, l, xl', 240000, 'https://static.shop.adidas.co.id/media/catalog/product/cache/2/thumbnail/1200x/9df78eab33525d08d6e5fb8d27136e95/F/S/FS6144_F_Model_eCom.jpg', 'adidas', 'biru', 'poliester'),
(67, 113, 'tanktop hitam adidas', 'size xs,s m, l, xl', 260000, 'https://static.shop.adidas.co.id/media/catalog/product/cache/2/thumbnail/1200x/9df78eab33525d08d6e5fb8d27136e95/G/C/GC6959_F_Model_eCom.jpg', 'adidas', 'hitam', 'catton'),
(68, 113, 'crop top hijau', 'size xs,s m, l, xl', 399000, 'https://static.zara.net/photos///2020/I/0/1/p/0264/802/500/2/w/1066/0264802500_6_1_1.jpg?ts=1596189057481', 'zara', 'hijau', 'viscose'),
(69, 113, 'tank top hijau', 'size xs,s m, l, xl', 199000, 'https://static.zara.net/photos//mkt/misc/watermarks/joinlife-ss19-v2/joinlife-large.svg?ts=1587055628000', 'zara', 'hijau', 'katun'),
(70, 113, 'tanktop crom', 'size xs,s m, l, xl', 199000, 'https://static.zara.net/photos//mkt/misc/watermarks/joinlife-ss19-v2/joinlife-large.svg?ts=1587055628000', 'zara', 'krem', 'katun'),
(71, 121, 'celana panjang abu-abu', 'size xs,s m, l, xl', 399000, 'https://static.zara.net/photos///2020/I/0/1/p/7385/278/812/2/w/1310/7385278812_6_1_1.jpg?ts=1596535235209', 'zara', 'abu-abu', 'katun'),
(72, 121, 'calana panjang gogger weist', 'size xs,s m, l, xl', 299000, 'https://static.zara.net/photos//mkt/misc/watermarks/joinlife-ss19-v2/joinlife-large.svg?ts=1587055628000', 'zara', 'abu-abu', 'poliester'),
(73, 121, 'celana panjang list pink', 'size xs,s m, l, xl', 400000, 'https://static.zara.net/photos///2020/I/0/1/p/5039/241/620/2/w/1310/5039241620_6_1_1.jpg?ts=1595867606033', 'zara', 'hitam', 'poliester'),
(74, 121, 'celana panjang sederhana', 'size xs,s m, l, xl', 250000, 'https://static.zara.net/photos///2020/I/0/1/p/7149/245/401/2/w/1310/7149245401_6_1_1.jpg?ts=1594122014960', 'zara', 'hitam', 'katun'),
(75, 121, 'celana panjang jogger', 'size xs,s m, l, xl', 450000, 'https://static.zara.net/photos///2020/I/0/1/p/8372/048/506/2/w/1310/8372048506_6_1_1.jpg?ts=1592834793306', 'mango', 'hijau', 'viscose'),
(76, 121, 'celana panjang hitam ', 'size xs,s m, l, xl', 350000, 'https://static.zara.net/photos///2020/I/0/1/p/1478/120/800/2/w/1310/1478120800_6_1_1.jpg?ts=1594202805280', 'mango', 'hitam', 'poliester'),
(77, 121, 'celana panjang putih', 'size xs,s m, l, xl', 450000, 'https://static.zara.net/photos///2020/I/0/1/p/2415/878/712/2/w/1310/2415878712_6_1_1.jpg?ts=1588925215937', 'mango', 'putih', 'poliester'),
(78, 121, 'celana panjang jogging', 'size xs,s m, l, xl', 450000, 'https://static.zara.net/photos///2020/I/0/1/p/9632/059/802/2/w/1310/9632059802_6_1_1.jpg?ts=1592237917463', 'mango', 'krem', 'serat selulosa'),
(79, 121, 'celana panjang cutbray hitam', 'size xs,s m, l, xl', 500000, 'https://static.zara.net/photos///2020/I/0/1/p/4215/456/800/2/w/1310/4215456800_6_1_1.jpg?ts=1596621849905', 'mango', 'hitam', 'poliester'),
(80, 121, 'lagging corak', 'size xs,s m, l, xl', 290000, 'https://static.nike.com/a/images/t_PDP_864_v1/f_auto,b_rgb:f5f5f5/cc7eebfa-0614-4cdb-a607-62de9b079a98/epic-lux-7-8-running-tights-tLPzWD.jpg', 'nike', 'motif', 'poliester'),
(81, 121, 'celana panjang nike spot', 'size xs,s m, l, xl', 350000, 'https://static.nike.com/a/images/t_PDP_1728_v1/f_auto,b_rgb:f5f5f5/4e426773-6d78-45ee-80c6-4b2ad1ebca61/sportswear-tech-fleece-trousers-hnWckH.jpg', 'nike', 'abu-abu', 'katun'),
(82, 121, 'nike yoga hitam cutbray', 'size xs,s m, l, xl', 299000, 'https://static.nike.com/a/images/c_limit,w_592,f_auto/t_product_v1/5396dfb2-94ea-4afa-82e5-fec8d6425187/yoga-7-8-trousers-NNhXFx.jpg', 'nike', 'hitam', 'katun'),
(83, 121, 'nike hitam legging', 'size xs,s m, l, xl', 450000, 'https://static.nike.com/a/images/c_limit,w_592,f_auto/t_product_v1/aafea3d1-c119-499f-8484-dbe69140f76f/epic-luxe-running-leggings-3Ps5lD.jpg', 'nike', 'hitam', 'poliester'),
(84, 121, 'adidas kulot panjang hitam', 'size xs,s m, l, xl', 250000, 'https://static.shop.adidas.co.id/media/catalog/product/cache/2/small_image/230x/9df78eab33525d08d6e5fb8d27136e95/G/D/GD2370_F_Model_eCom.jpg', 'adidas', 'hitam', 'poliester'),
(85, 121, 'adidas joging putih panjang', 'size xs,s m, l, xl', 340000, 'https://static.shop.adidas.co.id/media/catalog/product/cache/2/small_image/230x/9df78eab33525d08d6e5fb8d27136e95/F/M/FM2587_F_Model_eCom.jpg', 'adidas', 'putih', 'poliester'),
(86, 121, 'lagging panjang adidas biru', 'size xs,s m, l, xl', 288000, 'https://static.shop.adidas.co.id/media/catalog/product/cache/2/small_image/230x/9df78eab33525d08d6e5fb8d27136e95/F/M/FM3286_F_Model_eCom.jpg', 'adidas', 'biru', 'katun'),
(87, 121, 'jogger panjang adidas hitam', 'size xs,s m, l, xl', 399000, 'https://static.shop.adidas.co.id/media/catalog/product/cache/2/small_image/230x/9df78eab33525d08d6e5fb8d27136e95/F/L/FL4125_F_Model_eCom.jpg', 'adidas', 'hitam', 'katun'),
(88, 121, 'cuffed pants', 'size xs,s m, l, xl', 500000, 'https://static.shop.adidas.co.id/media/catalog/product/cache/2/small_image/230x/9df78eab33525d08d6e5fb8d27136e95/G/M/GM6699_FC_eCom.jpg', 'adidas', 'krem', 'katun'),
(89, 121, 'nike yoga luke', 'size xs,s m, l, xl', 300000, 'https://static.nike.com/a/images/c_limit,w_592,f_auto/t_product_v1/i1-4485b859-2ca0-43d5-957c-f63efa48a802/yoga-luxe-infinalon-7-8-leggings-swJnzd.jpg', 'nike', 'abu-abu', 'poliester'),
(90, 121, 'lagging panjang adidas grey', 'size xs,s m, l, xl', 350000, 'https://static.shop.adidas.co.id/media/catalog/product/cache/2/small_image/230x/9df78eab33525d08d6e5fb8d27136e95/G/H/GH8508_F_Model_eCom.jpg', 'adidas', 'abu-abu', 'poliester'),
(91, 122, 'celana pendek nike putih', 'size xs,s m, l, xl', 450000, 'https://static.nike.com/a/images/c_limit,w_592,f_auto/t_product_v1/a3772713-7158-4b93-aea0-b47a04976a15/sportswear-shorts-dfbHxx.jpg', 'nike', 'putih', 'poliester'),
(92, 122, 'biker short', 'size xs,s m, l, xl', 230000, 'https://static.shop.adidas.co.id/media/catalog/product/cache/2/small_image/230x/9df78eab33525d08d6e5fb8d27136e95/F/M/FM2574_F_Model_eCom.jpg', 'adidas', 'hitam', 'poliester'),
(93, 122, 'nike air pink', 'size xs,s m, l, xl', 250000, 'https://static.nike.com/a/images/c_limit,w_592,f_auto/t_product_v1/0e77e9d1-38ee-4f6d-830e-30c6b1037456/air-running-shorts-tV1xhr.jpg', 'nike', 'pink', 'poliester'),
(94, 122, 'nike air crom', 'size xs,s m, l, xl', 250000, 'https://static.nike.com/a/images/c_limit,w_592,f_auto/t_product_v1/1a7a2030-36cf-4a23-a4e4-08049f10ac42/tempo-luxe-2-in-1-running-shorts-WjXBdh.jpg', 'nike', 'krem', 'poliester'),
(95, 122, 'nike hitam shorts', 'size xs,s m, l, xl', 250000, 'https://static.nike.com/a/images/c_limit,w_592,f_auto/t_product_v1/i1-24aaae14-4fad-49c7-bc44-7838ddb60832/icon-clash-running-shorts-mmm9Kh.jpg', 'nike', 'hitam', 'poliester'),
(96, 122, 'nike yoga hitam', 'size xs,s m, l, xl', 300000, 'https://static.nike.com/a/images/c_limit,w_592,f_auto/t_product_v1/38d8567f-c499-495e-b0f0-d04f38657632/yoga-infinalon-shorts-f1BMRv.jpg', 'nike', 'hitam', 'poliester'),
(97, 122, 'adidas hitam tight', 'size xs,s m, l, xl', 340000, 'https://static.shop.adidas.co.id/media/catalog/product/cache/2/small_image/230x/9df78eab33525d08d6e5fb8d27136e95/G/G/GG3421_F_Model_eCom.jpg', 'adidas', 'hitam', 'poliester'),
(98, 122, 'adidas 3/4 tight biru', 'size xs,s m, l, xl', 340000, 'https://static.shop.adidas.co.id/media/catalog/product/cache/2/small_image/230x/9df78eab33525d08d6e5fb8d27136e95/F/K/FK1588_F_Model_eCom.jpg', 'adidas', 'biru', 'poliester'),
(99, 122, 'adidas shorts pants', 'size xs,s m, l, xl', 250000, 'https://static.nike.com/a/images/c_limit,w_592,f_auto/t_product_v1/i1-86e8a41f-4f65-4c25-8fe4-49473b644da5/yoga-ribbed-shorts-lwb6PP.jpg', 'adidas', 'pink', 'poliester'),
(100, 122, 'pants kancing coklat', 'size xs,s m, l, xl', 400000, 'https://static.zara.net/photos///2020/I/0/1/p/8006/703/704/2/w/1310/8006703704_6_1_1.jpg?ts=1596539315750', 'zara', 'coklat', 'viscose'),
(101, 122, 'celana pendek tali hijau', 'size xs,s m, l, xl', 400000, 'https://static.zara.net/photos///2020/I/0/1/p/8172/744/710/2/w/1310/8172744710_6_1_1.jpg?ts=1595324325372', 'zara', 'hijau', 'linen'),
(102, 122, 'celana pendek motif', 'size xs,s m, l, xl', 599000, 'https://static.zara.net/photos///2020/I/0/1/p/4043/253/330/2/w/1310/4043253330_6_1_1.jpg?ts=1593500721856', 'zara', 'motif', 'katun'),
(103, 122, 'celana pendek hitam motif', 'size xs,s m, l, xl', 499000, 'https://static.zara.net/photos//mkt/misc/watermarks/joinlife-ss19-v2/joinlife-large.svg?ts=1587055628000', 'zara', 'motif', 'poliester'),
(104, 122, 'celana pendek plus', 'size xs,s m, l, xl', 290000, 'https://static.zara.net/photos///2020/I/0/1/p/0264/630/423/2/w/1310/0264630423_6_1_1.jpg?ts=1596534998387', 'zara', 'biru', 'katun'),
(105, 122, 'celana pendek hitam motif', 'size xs,s m, l, xl', 219000, 'https://static.zara.net/photos//mkt/misc/watermarks/joinlife-ss19-v2/joinlife-large.svg?ts=1587055628000', 'mango', 'hitam', 'poliester'),
(106, 122, 'celana pendek crom', 'size xs,s m, l, xl', 229000, 'https://static.zara.net/photos//mkt/misc/watermarks/joinlife-ss19-v2/joinlife-large.svg?ts=1587055628000', 'mango', 'krem', 'poliester'),
(107, 122, 'celana pendek putih jesper', 'size xs,s m, l, xl', 399000, 'https://static.zara.net/photos///2020/V/0/1/p/9929/034/250/3/w/1310/9929034250_6_1_1.jpg?ts=1592389450918', 'mango', 'putih', 'katun'),
(108, 122, 'celana putih mango', 'size xs,s m, l, xl', 329000, 'https://static.zara.net/photos///2020/I/0/1/p/7385/254/712/2/w/1310/7385254712_6_1_1.jpg?ts=1594045298413', 'mango', 'putih', 'katun'),
(109, 122, 'celana pende biru mango', 'size xs,s m, l, xl', 279000, 'https://static.zara.net/photos///2020/I/0/1/p/2674/022/404/2/w/1310/2674022404_6_1_1.jpg?ts=1595930286164', 'mango', 'biru', 'poliester'),
(110, 122, 'celana pendek putih adidas', 'size xs,s m, l, xl', 199000, 'https://static.zara.net/photos///2020/I/0/1/p/4424/803/250/2/w/1310/4424803250_6_1_1.jpg?ts=1595410789430', 'adidas', 'putih', 'katun'),
(111, 123, 'celana levis kulot adidas', 'size xs,s m, l, xl', 399000, 'https://static.shop.adidas.co.id/media/catalog/product/cache/2/small_image/230x/9df78eab33525d08d6e5fb8d27136e95/F/L/FL4153_F_Model_eCom.jpg', 'adidas', 'biru', 'denim'),
(112, 123, 'celana jeans zara', 'ukuran 34-38', 699900, 'https://static.zara.net/photos///2020/I/0/1/p/8246/085/400/2/w/810/8246085400_1_1_1.jpg?ts=1596452766431', 'zara', 'biru', 'denim'),
(113, 123, 'celana jeans hijau zara', 'ukuran 32-44', 699900, 'https://static.zara.net/photos///2020/I/0/1/p/9632/045/500/3/w/810/9632045500_1_1_1.jpg?ts=1596638044789', 'zara', 'hijau', 'denim'),
(114, 123, 'jeans pendek mango putih', 'size xs,s m, l, xl', 400000, 'https://static.zara.net/photos///2020/I/0/1/p/4365/069/250/2/w/1310/4365069250_1_1_1.jpg?ts=1592911716852', 'mango', 'putih', 'katun'),
(115, 123, 'jeans pendek hitam', 'size xs,s m, l, xl', 329000, 'https://static.zara.net/photos///2020/V/0/1/p/5520/067/800/73/w/1310/5520067800_1_1_1.jpg?ts=1588582946790', 'zara', 'hitam', 'katun'),
(116, 123, 'jeans pendek zara', 'size xs,s m, l, xl', 299000, 'https://static.zara.net/photos///2020/I/0/1/p/5862/158/406/2/w/1070/5862158406_6_1_1.jpg?ts=1594300997054', 'zara', 'biru', 'katun'),
(117, 123, 'kulot jeans zara', 'ukuran 32-44', 599900, 'https://static.zara.net/photos///2020/I/0/1/p/5862/153/427/2/w/810/5862153427_1_1_1.jpg?ts=1596014225305', 'zara', 'biru', 'denim'),
(118, 123, 'kulot jeans hitam zara', 'ukuran 34-42', 699900, 'https://static.zara.net/photos///2020/I/0/1/p/6164/151/800/2/w/810/6164151800_1_1_1.jpg?ts=1596032127754', 'zara', 'hitam', 'denim'),
(119, 123, 'kulot jeans putih zara', 'ukuran 32-40', 479900, 'https://static.zara.net/photos///2020/I/0/1/p/5520/019/250/2/w/810/5520019250_1_1_1.jpg?ts=1592919364526', 'zara', 'putih', 'denim'),
(120, 123, 'celana pensil abu-abu zara', 'ukuran 32-44', 479900, 'https://static.zara.net/photos///2020/I/0/1/p/5520/003/802/2/w/810/5520003802_1_1_1.jpg?ts=1596189603439', 'zara', 'abu-abu', 'denim'),
(121, 123, 'celana pensil abu-abu zara', 'ukuran 32-44', 479900, 'https://static.zara.net/photos///2020/I/0/1/p/5520/003/802/2/w/810/5520003802_1_1_1.jpg?ts=1596189603439', 'zara', 'abu-abu', 'denim'),
(122, 123, 'celana pensil biru mango', 'ukuran 32-38', 599000, 'https://st.mngbcn.com/rcs/pics/static/T7/fotos/outfit/S20/77050070_TO-99999999_01.jpg?ts=1590653096569&imwidth=456&imdensity=1', 'mango', 'biru', 'denim'),
(123, 123, 'kulot putih mango', 'ukuran 32-44', 699000, 'https://st.mngbcn.com/rcs/pics/static/T7/fotos/S20/77003269_01.jpg?ts=1593511403973&imwidth=456&imdensity=1', 'mango', 'putih', 'denim'),
(124, 123, 'celana pensil hitam mango', 'ukuran 32-46', 599000, 'https://st.mngbcn.com/rcs/pics/static/T7/fotos/outfit/S20/77000522_TN-99999999_01.jpg?ts=1592813036672&imwidth=456&imdensity=1', 'mango', 'hitam', 'denim'),
(125, 123, 'celana pensil mango biru', 'ukuran 32-48', 479900, 'https://st.mngbcn.com/rcs/pics/static/T6/fotos/S20/67010528_TM.jpg?ts=1571328267837&imwidth=456&imdensity=1', 'mango', 'biru', 'denim'),
(126, 123, 'celana pensil putih mango', 'ukuran 34-44', 479000, 'https://st.mngbcn.com/rcs/pics/static/T6/fotos/S20/67005129_01.jpg?ts=1579012445809&imwidth=456&imdensity=1', 'mango', 'putih', 'denim'),
(136, 131, 'Backpack adidas hitam', 'Volume: 24.75 L', 630000, 'https://static.shop.adidas.co.id/media/catalog/product/cache/2/thumbnail/1200x/9df78eab33525d08d6e5fb8d27136e95/G/E/GE4625_FC_eCom.jpg', 'adidas', 'hitam', 'poliester'),
(137, 131, 'Backpack adidas pink', 'Volume: 10,5 L', 550000, 'https://static.shop.adidas.co.id/media/catalog/product/cache/2/thumbnail/1200x/9df78eab33525d08d6e5fb8d27136e95/G/D/GD1644_FC_eCom.jpg', 'adidas', 'pink', 'nylon'),
(138, 131, 'Backpack Pokemon adidas', 'Volume: 12,5 L', 380000, 'https://static.shop.adidas.co.id/media/catalog/product/cache/2/thumbnail/1200x/9df78eab33525d08d6e5fb8d27136e95/G/E/GE1207_FC_eCom.jpg', 'adidas', 'merah', 'poliester'),
(139, 131, 'Backpack adidas navy', 'Volume: 24 L', 600000, 'https://static.shop.adidas.co.id/media/catalog/product/cache/2/thumbnail/1200x/9df78eab33525d08d6e5fb8d27136e95/F/M/FM1276_FC_eCom.jpg', 'adidas', 'biru', 'poliester'),
(140, 131, 'Backpack adidas abu-abu', 'Dimensi:15x22x9 cm', 600000, 'https://static.shop.adidas.co.id/media/catalog/product/cache/2/thumbnail/1200x/9df78eab33525d08d6e5fb8d27136e95/F/L/FL9633_FC_eCom.jpg', 'adidas', 'abu-abu', 'poliester'),
(141, 131, 'Backpack hitam nike', 'DIimensi:25x20x13 cm', 439000, 'https://static.nike.com/a/images/t_PDP_864_v1/f_auto,b_rgb:f5f5f5/hwe1yzprf6k4icwh3tmm/tanjun-backpack-FC8qMk.jpg', 'nike', 'hitam', 'poliester'),
(142, 131, 'Backpack nike pink', 'Dimensi: 33x25x13 cm', 439000, 'https://static.nike.com/a/images/t_PDP_864_v1/f_auto,b_rgb:f5f5f5/64e1a7d3-cb7f-4855-88ec-c56c68b9c64a/just-do-it-backpack-c5F8V0.jpg', 'nike', 'pink', 'poliester'),
(143, 131, 'Backpack nike navy', 'Dimensi: 33x25x13 cm', 499000, 'https://static.nike.com/a/images/t_PDP_864_v1/f_auto,b_rgb:f5f5f5/a3825686-3fee-4dee-b187-076a0031f6f3/tanjun-printed-backpack-sjCVw1.jpg', 'nike', 'biru', 'poliester'),
(144, 131, 'Backpack nike hijau', 'Dimensi: 48x30x15 cm', 449000, 'https://static.nike.com/a/images/t_PDP_864_v1/f_auto,b_rgb:f5f5f5/369e7454-3e0d-4446-91e2-858b17f333fe/sportswear-backpack-qx2qfM.jpg', 'nike', 'hijau', 'poliester'),
(145, 131, 'Backpack nike abu-abu', 'Dimensi: 46x31x18cm', 439000, 'https://static.nike.com/a/images/t_PDP_864_v1/f_auto,b_rgb:f5f5f5/fc7b0360-f0c1-4aca-979f-9763a6baa20c/brasilia-9-printed-training-backpack-5rprcl.jpg', 'nike', 'abu-abu', 'poliester'),
(146, 131, 'Backpack hitam pull and bear', 'ukuran: s', 559900, 'https://static.pullandbear.net/2/photos//2020/I/1/1/p/4040/640/040/4040640040_2_1_8.jpg?t=1595925302982&imwidth=563', 'pull&bear', 'hitam', 'poliester'),
(147, 131, 'Backpack hijau pull and bear', 'ukuran: s', 399900, 'https://static.pullandbear.net/2/photos//2020/I/1/1/p/4067/540/035/4067540035_2_1_8.jpg?t=1580385335018&imwidth=563', 'pull&bear', 'hijau', 'nylon'),
(148, 131, 'Backpack pink pull and bear', 'ukuran: s', 229900, 'https://static.pullandbear.net/2/photos//2020/V/1/1/p/4077/540/098/4077540098_2_2_8.jpg?t=1580220701907&imwidth=563', 'pull&bear', 'pink', 'nylon'),
(149, 131, 'Backpack navy pull and bear', 'ukuran: M', 459900, 'https://static.pullandbear.net/2/photos//2020/I/1/1/p/4039/640/009/4039640009_2_1_8.jpg?t=1594220478000&imwidth=563', 'pull&bear', 'biru', 'poliester'),
(150, 131, 'Backpack putih pull and bear', 'ukuran: s', 399900, 'https://static.pullandbear.net/2/photos//2020/I/1/1/p/4004/640/001/4004640001_2_1_8.jpg?t=1593083260065&imwidth=563', 'pull&bear', 'putih', 'poliester'),

(151, 131, 'Backpack putih adidas', 'Volume: 24 L', 800000, 'https://static.shop.adidas.co.id/media/catalog/product/cache/2/thumbnail/1200x/9df78eab33525d08d6e5fb8d27136e95/F/I/FI7970_FC_eCom.jpg', 'adidas', 'putih', 'poliester'),
(152, 131, 'Backpack orange adidas', 'Volume: 15,5 L', 228000, 'https://static.shop.adidas.co.id/media/catalog/product/cache/2/thumbnail/1200x/9df78eab33525d08d6e5fb8d27136e95/F/M/FM6778_FC_eCom.jpg', 'adidas', 'orange', 'poliester'),
(153, 131, 'Backpack abu-abu adidas', 'Volume: 11,5 L', 240000, 'https://static.shop.adidas.co.id/media/catalog/product/cache/2/thumbnail/1200x/9df78eab33525d08d6e5fb8d27136e95/F/M/FM6771_FC_eCom.jpg', 'adidas', 'abu-abu', 'poliester'),
(154, 131, 'Backpack merah adidas', 'Volume: 24 L', 550000, 'https://static.shop.adidas.co.id/media/catalog/product/cache/2/thumbnail/1200x/9df78eab33525d08d6e5fb8d27136e95/E/D/ED8673_FC_eCom.jpg', 'adidas', 'merah', 'poliester'),
(155, 132, 'Backpack adidas hitam', 'Volume: 21,75 L', 660000, 'https://static.shop.adidas.co.id/media/catalog/product/cache/2/thumbnail/1200x/9df78eab33525d08d6e5fb8d27136e95/F/L/FL9627_FC_eCom.jpg', 'adidas', 'hitam', 'poliester'),
(156, 132, 'Selempang zara merah', 'ukuran: M', 699900, 'https://static.zara.net/photos///2020/I/1/1/p/6682/510/020/2/w/560/6682510020_1_1_1.jpg?ts=1596540914833', 'zara', 'merah', 'kulit'),
(157, 132, 'Selempang zara hijau', 'Ukuran: M', 599900, 'https://static.zara.net/photos///2020/I/1/1/p/6670/610/032/2/w/560/6670610032_1_1_1.jpg?ts=1596557525489', 'zara', 'hijau', 'kulit'),
(158, 132, 'Selempang zara putih', 'ukuran: M', 479900, 'https://static.zara.net/photos///2020/V/1/1/p/6840/510/001/2/w/560/6840510001_1_1_1.jpg?ts=1588261212130', 'zara', 'putih', 'kulit'),
(159, 132, 'Selempang zara hitam', 'ukuran: M', 699900, 'https://static.zara.net/photos///2019/I/1/1/p/6395/004/040/2/w/560/6395004040_2_3_1.jpg?ts=1567586017694', 'zara', 'hitam', 'kulit'),
(160, 132, 'Selempang zara krem', 'ukuran: M', 549900, 'https://static.zara.net/photos///2020/I/1/1/p/6608/610/002/2/w/560/6608610002_1_1_1.jpg?ts=1594987214297', 'zara', 'krem', 'kulit'),
(161, 132, 'Selempang mango coklat', 'ukuran: M', 359900, 'https://st.mngbcn.com/rcs/pics/static/T7/fotos/outfit/S20/77004422_32-99999999_01.jpg?ts=1595952234951&imwidth=456&imdensity=1', 'mango', 'coklat', 'kulit'),
(162, 132, 'Selempang mango hitam', 'ukuran: s', 479000, 'https://st.mngbcn.com/rcs/pics/static/T7/fotos/S20/77004418_99_B.jpg?ts=1592498031272&imwidth=456&imdensity=1', 'mango', 'hitam', 'kulit'),
(163, 132, 'Selempang mango merah', 'ukuran: s', 359000, 'https://st.mngbcn.com/rcs/pics/static/T7/fotos/S20/77034756_78_B.jpg?ts=1592641732634&imwidth=456&imdensity=1', 'mango', 'merah', 'nylon'),
(164, 132, 'Selempang mango hijau', 'ukuran: s', 299000, 'https://st.mngbcn.com/rcs/pics/static/T7/fotos/S20/77092903_43_B.jpg?ts=1594377210064&imwidth=456&imdensity=1', 'mango', 'hijau', 'kulit'),
(165, 132, 'Selempang mango biru', 'ukuran: s', 299000, 'https://st.mngbcn.com/rcs/pics/static/T7/fotos/S20/77000044_61_B.jpg?ts=1591603515271&imwidth=456&imdensity=1', 'mango', 'biru', 'kulit'),
(166, 132, 'Selempang adidas biru', 'Dimensi: 30x15x8 cm', 430000, 'https://static.shop.adidas.co.id/media/catalog/product/cache/2/thumbnail/1200x/9df78eab33525d08d6e5fb8d27136e95/G/D/GD1852_FC_eCom.jpg', 'adidas', 'biru', 'poliester'),
(167, 132, 'Selempang adidas merah', 'Dimensi: 20x8x5 cm', 380000, 'https://static.shop.adidas.co.id/media/catalog/product/cache/2/thumbnail/1200x/9df78eab33525d08d6e5fb8d27136e95/G/I/GI8684_FC_eCom.jpg', 'adidas', 'merah', 'poliester'),
(168, 132, 'Selempang adidas hitam', 'Volume: 24,1 L', 750000, 'https://static.shop.adidas.co.id/media/catalog/product/cache/2/thumbnail/1200x/9df78eab33525d08d6e5fb8d27136e95/C/X/CX4042_FC_eCom.jpg', 'adidas', 'hitam', 'poliester'),
(169, 132, 'Selempang adidas biru', 'Dimensi: 24x6x0,5 cm', 300000, 'https://static.shop.adidas.co.id/media/catalog/product/cache/2/thumbnail/1200x/9df78eab33525d08d6e5fb8d27136e95/F/J/FJ4512_FC_eCom.jpg', 'adidas', 'biru', 'poliester'),
(170, 132, 'Selempang adidas abu-abu', 'Dimensi: 21x9x7 cm', 430000, 'https://static.shop.adidas.co.id/media/catalog/product/cache/2/thumbnail/1200x/9df78eab33525d08d6e5fb8d27136e95/F/L/FL9632_FR_eCom.jpg', 'adidas', 'abu-abu', 'poliester'),
(171, 132, 'Selempang orange pull and bear', 'ukuran: s', 199000, 'https://static.pullandbear.net/2/photos//2020/V/1/1/p/4097/540/070/4097540070_2_1_8.jpg?t=1576065383495&imwidth=563', 'pull&bear', 'orange', 'kulit'),
(172, 132, 'Selempang putih pull and bear', 'ukuran: s', 299000, 'https://static.pullandbear.net/2/photos//2020/I/1/1/p/4038/640/001/4038640001_2_2_8.jpg?t=1592222779683&imwidth=563', 'pull&bear', 'putih', 'kulit'),
(173, 132, 'Selempang kuning pull and bear', 'ukuran: M', 229900, 'https://static.pullandbear.net/2/photos//2020/I/1/1/p/4013/640/097/4013640097_2_1_8.jpg?t=1594383154078&imwidth=563', 'pull&bear', 'kuning', 'kulit'),
(174, 132, 'Selempang hitam pull and bear', 'ukuran: M', 229900, 'https://static.pullandbear.net/2/photos//2020/V/1/1/p/6119/014/040/6119014040_2_1_8.jpg?t=1583512643869&imwidth=563', 'pull&bear', 'hitam', 'kulit'),
(175, 132, 'Selempang ungu muda pull and bear', 'ukuran: s', 299900, 'https://static.pullandbear.net/2/photos//2020/I/1/1/p/4034/640/057/4034640057_2_1_8.jpg?t=1591193320093&imwidth=563', 'pull&bear', 'ungu', 'kulit'),
(176, 133, 'Handbag hijau zara', 'ukuran: M', 599000, 'https://static.zara.net/photos///2020/V/1/1/p/6698/510/009/2/w/810/6698510009_1_1_1.jpg?ts=1589452094743', 'zara', 'hijau', 'kulit'),
(177, 133, 'Handbag putih zara', 'ukuran: M', 479900, 'https://static.zara.net/photos///2020/V/1/1/p/6694/510/001/2/w/810/6694510001_1_1_1.jpg?ts=1592566509640', 'zara', 'putih', 'kulit'),
(178, 133, 'Handbag coklat zara', 'ukuran: M', 699900, 'https://static.zara.net/photos///2020/I/1/1/p/6400/610/105/2/w/810/6400610105_1_1_1.jpg?ts=1596028593931', 'zara', 'coklat', 'kulit'),
(179, 133, 'Handbag krem zara', 'ukuran: M', 699900, 'https://static.zara.net/photos///2020/I/1/1/p/6403/610/111/2/w/810/6403610111_1_1_1.jpg?ts=1594981048307', 'zara', 'krem', 'kulit'),
(180, 133, 'Handbag biru zara', 'ukuran: M', 479900, 'https://static.zara.net/photos///2020/V/1/1/p/6052/510/009/2/w/810/6052510009_1_1_1.jpg?ts=1583827213854', 'zara', 'biru', 'kulit'),
(181, 133, 'Handbag ayaman mango', 'ukuran: M', 699900, 'https://static.zara.net/photos///2020/V/1/1/p/6052/510/009/2/w/810/6052510009_1_1_1.jpg?ts=1583827213855', 'mango', 'coklat', 'rotan'),
(182, 133, 'Handbag orange mango', 'ukuran: M', 699900, 'https://static.zara.net/photos///2020/I/1/1/p/6546/510/070/2/w/810/6546510070_1_1_1.jpg?ts=1594231948555', 'mango', 'orange', 'manik-manik'),
(183, 133, 'Handbag pink mango', 'ukuran: s', 479900, 'https://static.zara.net/photos///2020/V/1/1/p/6778/510/050/2/w/810/6778510050_1_1_1.jpg?ts=1588158769163', 'mango', 'pink', 'nylon'),
(184, 133, 'Handbag biru mango', 'ukuran: s', 479900, 'https://static.zara.net/photos///2020/I/1/1/p/6452/510/009/2/w/810/6452510009_1_1_1.jpg?ts=1594982213948', 'mango', 'biru', 'kulit'),
(185, 133, 'Handbag coklat mango', 'ukuran: s', 999900, 'https://static.zara.net/photos///2020/I/1/1/p/6676/610/102/2/w/810/6676610102_1_1_1.jpg?ts=1596016452863', 'mango', 'coklat', 'kulit'),
(186, 133, 'Handbag hijau H&M', 'Ukuran: M', 200000, 'https://d29c1z66frfv6c.cloudfront.net/pub/media/catalog/product/large/c599bfbbf046fae289d624337eef9ead4ec613eb_xxl-1.jpg', 'h&m', 'hijau', 'kulit'),
(187, 133, 'Handbag hitam H&M', 'ukuran: M', 350000, 'https://d29c1z66frfv6c.cloudfront.net/pub/media/catalog/product/large/c9629ee02923ebf8e22b160e184cc29a30c77156_xxl-1.jpg', 'h&m', 'hitam', 'kulit'),
(188, 133, 'Handbag hitam besar H&M', 'Dimensi: 15x30x36cm', 250000, 'https://d29c1z66frfv6c.cloudfront.net/pub/media/catalog/product/large/cd01f0479f3f9d7383760d685aa4f93c6cd77594_xxl-1.jpg', 'h&m', 'hitam', 'kulit'),
(189, 133, 'Handbag coklat besar H&M', 'Dimensi: 9,5x31x33,5cm', 799900, 'https://d29c1z66frfv6c.cloudfront.net/pub/media/catalog/product/large/58934fe40a05f2944325010ba5a61e00ed0b7d99_xxl-1.jpg', 'h&m', 'coklat', 'kulit'),
(190, 133, 'Handbag ungu H&M', 'Dimensi: 14X27X23cm', 100000, 'https://d29c1z66frfv6c.cloudfront.net/pub/media/catalog/product/large/dcb06f471585197b8a23cf134a1d178c5134c57b_xxl-1.jpg', 'h&m', 'ungu', 'kulit'),
(191, 141, 'Sneakers putih adidas', 'ukuran 36-39', 3000000, 'https://static.shop.adidas.co.id/media/catalog/product/cache/2/thumbnail/1200x/9df78eab33525d08d6e5fb8d27136e95/E/G/EG0727_SL_eCom.jpg', 'adidas', 'putih', 'upper cotton'),
(192, 141, 'Sneakers hitam adidas', 'ukuran 36-42', 2800000, 'https://static.shop.adidas.co.id/media/catalog/product/cache/2/thumbnail/1200x/9df78eab33525d08d6e5fb8d27136e95/F/W/FW4908_SL_eCom.jpg', 'adidas', 'Hitam', 'upper cotton'),
(193, 141, 'Sneakers pink adidas', 'ukuran 36-41', 3500000, 'https://static.shop.adidas.co.id/media/catalog/product/cache/2/thumbnail/1200x/9df78eab33525d08d6e5fb8d27136e95/F/W/FW6838_SL_eCom.jpg', 'adidas', 'pink', 'upper cotton'),
(194, 141,'Sneakers abu-abu adidas', 'ukuran 36-43', 2400000, 'https://static.shop.adidas.co.id/media/catalog/product/cache/2/thumbnail/1200x/9df78eab33525d08d6e5fb8d27136e95/E/G/EG0719_SL_eCom.jpg', 'adidas', 'abu-abu', 'upper cotton'),
(195, 141, 'Sneakers biru adidas', 'ukuran 37-40', 1540000, 'https://static.shop.adidas.co.id/media/catalog/product/cache/2/thumbnail/1200x/9df78eab33525d08d6e5fb8d27136e95/E/F/EF2013_SL_eCom.jpg', 'adidas', 'biru', 'upper cotton'),
(196, 141, 'Sneakers hitam nike', 'ukuran 37-40', 1799000, 'https://static.nike.com/a/images/t_PDP_864_v1/f_auto,b_rgb:f5f5f5/a5988277-f943-480c-b1d1-0ceab0b831b3/free-metcon-3-training-shoe-NMfJ2J.jpg', 'nike', 'hitam', 'upper cotton'),
(197, 141, 'Sneakers orange nike', 'ukuran 36-42', 2099000, 'https://static.nike.com/a/images/t_PDP_864_v1/f_auto,b_rgb:f5f5f5/3e9a95e4-ea36-4464-b312-c7a9b6baf3ad/air-max-up-nrg-shoe-rt87p3.jpg', 'nike', 'orange', 'upper cotton'),
(198, 141, 'Sneakers putih nike', 'ukuran 37-44', 2519000, 'https://static.nike.com/a/images/t_PDP_864_v1/f_auto,b_rgb:f5f5f5/8871efc3-d28e-47dc-b267-132e5f0a4ad5/react-infinity-run-flyknit-air-running-shoe-ZxxZmq.jpg', 'nike', 'putih', 'upper cotton'),
(199, 141, 'Sneakers abu-abu nike', 'ukuran 37-43', 1979000, 'https://static.nike.com/a/images/t_PDP_864_v1/f_auto,b_rgb:f5f5f5/b6663ee6-dc04-442c-9f7d-bdc85163a624/pegasus-trail-2-trail-running-shoe-35tgHg.jpg', 'nike', 'abu-abu', 'upper cotton'),
(200, 141, 'Sneakers pink nike', 'ukuran 36-40', 2519000, 'https://static.nike.com/a/images/t_PDP_864_v1/f_auto,b_rgb:f5f5f5/f4cff6ed-ef26-4503-aedb-8d3793ad947b/joyride-run-flyknit-running-shoe-c68bBX.jpg', 'nike', 'pink', 'upper cotton'),
(201, 141, 'Sneakers adidas pink', 'ukuran 37-42', 1540000, 'https://static.shop.adidas.co.id/media/catalog/product/cache/2/thumbnail/1200x/9df78eab33525d08d6e5fb8d27136e95/E/G/EG1430_SL_eCom.jpg', 'adidas', 'pink', 'upper cotton'),
(202, 141, 'Sneakers coklat adidas', 'ukuran 36-43', 1500000, 'https://static.shop.adidas.co.id/media/catalog/product/cache/2/thumbnail/1200x/9df78eab33525d08d6e5fb8d27136e95/G/2/G27495_SL_eCom.jpg', 'adidas', 'coklat', 'upper cotton'),
(203, 141, 'Sneakers hijau adidas', 'ukuran 36-42', 1150000, 'https://static.shop.adidas.co.id/media/catalog/product/cache/2/thumbnail/1200x/9df78eab33525d08d6e5fb8d27136e95/D/9/D97432_SL_eCom.jpg', 'adidas', 'hijau', 'upper cotton'),
(204, 141, 'Sneakers putih nike', 'ukuran 37-39', 2488000, 'https://static.nike.com/a/images/t_PDP_864_v1/f_auto,b_rgb:f5f5f5/c7e088e0-614a-4293-868b-9d1d8ea0a867/air-vapormax-360-shoe-PJXX0g.jpg', 'nike', 'putih', 'upper cotton'),
(205, 141, 'Sneakers nike hitam', 'ukuran 37-41', 2649000, 'https://static.nike.com/a/images/t_PDP_864_v1/f_auto,b_rgb:f5f5f5/96a51e4f-4856-4242-a4df-16ee4eb42252/air-max-270-xx-shoe-93C05M.jpg', 'nike', 'hitam', 'upper cotton'),
(206, 142, 'Heels abu- abu zara', 'ukuran 35-40', 899900, 'https://static.zara.net/photos///2020/I/1/1/p/3312/510/087/2/w/810/3312510087_1_1_1.jpg?ts=1594229289090', 'zara', 'abu-abu', 'kulit'),
(207, 142, 'Heels kuning zara', 'ukuran 36-41', 699900, 'https://static.zara.net/photos///2020/I/1/1/p/1307/510/091/2/w/810/1307510091_1_1_1.jpg?ts=1594987884322', 'zara', 'kuning', 'kulit'),
(208, 142, 'Heels hitam zara', 'ukuran 36-42', 1199900, 'https://static.zara.net/photos///2020/I/1/1/p/2356/510/040/2/w/810/2356510040_1_1_1.jpg?ts=1595575494306', 'zara', 'hitam', 'kulit'),
(209, 142, 'Heels putih zara', 'ukuran 37-41', 899900, 'https://static.zara.net/photos///2020/V/1/1/p/1315/511/001/2/w/560/1315511001_1_1_1.jpg?ts=1586187297601', 'zara', 'putih', 'kulit'),
(210, 142, 'Heels merah zara', 'ukuran 35-43', 1199900, 'https://static.zara.net/photos///2020/I/1/1/p/2322/610/020/2/w/810/2322610020_1_1_1.jpg?ts=1596550739795', 'zara', 'merah', 'kulit'),
(211, 142, 'Heels coklat H&M', 'ukuran 36-40', 100000, 'https://d29c1z66frfv6c.cloudfront.net/pub/media/catalog/product/large/717e63e46af6ed7646dc67a7f3942a7166320ce4_xxl-1.jpg', 'h&m', 'coklat', 'kulit'),
(212, 142, 'Heels hitam H&M', 'ukuran 37-42', 200000, 'https://d29c1z66frfv6c.cloudfront.net/pub/media/catalog/product/large/8194ea22477d0ea317f737167142c3c451dac575_xxl-1.jpg', 'h&m', 'hitam', 'kulit'),
(213, 142, 'Heels hijau H&M', 'ukuran 36-40', 349900, 'https://d29c1z66frfv6c.cloudfront.net/pub/media/catalog/product/large/0312bacf4ebc929c5900ef32318949b041562b0b_xxl-1.jpg', 'h&m', 'hijau', 'kulit'),
(214, 142, 'Heels ungu H&M', 'ukuran 37-43', 449900, 'https://d29c1z66frfv6c.cloudfront.net/pub/media/catalog/product/large/889e839fa75874d4e1ea7c6c15be0d49da0d75c6_xxl-1.jpg', 'h&m', 'ungu', 'kulit'),
(215, 142, 'Heels coklat mango', 'ukuran 36-40', 999000, 'https://st.mngbcn.com/rcs/pics/static/T7/fotos/S20/77075134_32.jpg?ts=1593768804014&imwidth=456&imdensity=1', 'mango', 'coklat', 'kulit'),
(216, 142, 'Heels coklat mango', 'ukuran 36-40', 999000, 'https://st.mngbcn.com/rcs/pics/static/T7/fotos/S20/77075134_32.jpg?ts=1593768804014&imwidth=456&imdensity=1', 'mango', 'coklat', 'kulit'),
(217, 142, 'Heels putih mango', 'ukuran 37-43', 699000, 'https://st.mngbcn.com/rcs/pics/static/T7/fotos/S20/77010040_03_B.jpg?ts=1587715463827&imwidth=456&imdensity=1', 'mango', 'putih', 'kulit'),
(218, 142, 'Heels hitam mango', 'ukuran 38-40', 699000, 'https://st.mngbcn.com/rcs/pics/static/T6/fotos/S20/67005949_99.jpg?ts=1579696445976&imwidth=456&imdensity=1', 'mango', 'hitam', 'kulit'),
(219, 142, 'Heels coklat mango', 'ukuran 39-42', 699000, 'https://st.mngbcn.com/rcs/pics/static/T6/fotos/S20/63173047_83.jpg?ts=1581007421355&imwidth=456&imdensity=1', 'mango', 'coklat', 'kulit'),
(220, 142, 'Heels kuning mango', 'ukuran 37-43', 699000, 'https://st.mngbcn.com/rcs/pics/static/T7/fotos/S20/77050556_15_B.jpg?ts=1591882447017&imwidth=456&imdensity=1', 'mango', 'kuning', 'kulit'),
(221, 142, 'Flat shoes hitam zara', 'ukuran 35-42', 999900, 'https://static.zara.net/photos///2020/I/1/1/p/1515/510/040/2/w/810/1515510040_1_1_1.jpg?ts=1596625058416', 'zara', 'hitam', 'kulit'),
(222, 142, 'Flat shoes coklat zara', 'ukuran 35-43', 549900, 'https://static.zara.net/photos///2020/I/1/1/p/2503/610/098/2/w/810/2503610098_1_1_1.jpg?ts=1596527675747', 'zara', 'coklat', 'kulit'),
(223, 142, 'Flat shoes orange zara', 'ukuran 36-42', 899900, 'https://static.zara.net/photos///2020/I/1/1/p/1508/610/027/2/w/810/1508610027_1_1_1.jpg?ts=1596533778923', 'zara', 'orange', 'kulit'),
(224, 142, 'Flat shoes hijau zara', 'ukuran 37-41', 999900, 'https://static.zara.net/photos///2020/I/1/1/p/1506/610/030/2/w/810/1506610030_1_1_1.jpg?ts=1596463430530', 'zara', 'hijau', 'kulit'),
(225, 142, 'Flat shoes biru zara', 'ukuran 36-42', 999900, 'https://static.zara.net/photos///2020/I/1/1/p/1504/610/009/2/w/560/1504610009_1_1_1.jpg?ts=1596701469814', 'zara', 'biru', 'kulit'),
(226, 143, 'Flat shoes hitam mango', 'ukuran 36-42', 479000, 'https://st.mngbcn.com/rcs/pics/static/T7/fotos/S20/77023257_99.jpg?ts=1593119043528&imwidth=456&imdensity=1', 'mango', 'hitam', 'kulit'),
(227, 143, 'Flat shoes coklat mango', 'ukuran 37-42', 479000, 'https://st.mngbcn.com/rcs/pics/static/T7/fotos/S20/77023257_TA.jpg?ts=1593119043528&imwidth=456&imdensity=1', 'mango', 'coklat', 'kulit'),
(228, 143, 'Flat shoes mango coklat', 'ukuran 38-42', 699000, 'https://st.mngbcn.com/rcs/pics/static/T7/fotos/S20/77032906_08.jpg?ts=1590739527197&imwidth=456&imdensity=1', 'mango', 'coklat', 'kulit'),
(229, 143, 'Flat shoes putih mango', 'ukuran 36-41', 999000, 'https://st.mngbcn.com/rcs/pics/static/T7/fotos/S20/77050542_02_B.jpg?ts=1591175174341&imwidth=456&imdensity=1', 'mango', 'putih', 'kulit'),
(230, 143, 'Flat shoes mango hitam', 'ukuran 37-43', 699000, 'https://st.mngbcn.com/rcs/pics/static/T7/fotos/S20/77032905_99.jpg?ts=1590739527197&imwidth=456&imdensity=1', 'mango', 'hitam', 'kulit'),
(231, 143, 'Flat shoes coklat H&M', 'ukuran 36-40', 349900, 'https://d29c1z66frfv6c.cloudfront.net/pub/media/catalog/product/large/fb5574da9718487f5b74224d447f66a46a1f97fe_xxl-1.jpg', 'h&m', 'coklat', 'kulit'),
(232, 143, 'Flat shoes hitam H&M', 'ukuran 37-42', 100000, 'https://d29c1z66frfv6c.cloudfront.net/pub/media/catalog/product/large/2a06527175090dfb04995f2c782ae3d37f82a38f_xxl-1.jpg', 'h&m', 'hitam', 'kulit'),
(233, 143, 'Flat shoes H&M coklat', 'ukuran 38-43', 199900, 'https://d29c1z66frfv6c.cloudfront.net/pub/media/catalog/product/large/05412702418c8699deb989e02003c8b8ef2731c2_xxl-1.jpg', 'h&m', 'coklat', 'kulit'),
(234, 143, 'Flat shoes kuning H&M', 'ukuran 37-42', 399900, 'https://d29c1z66frfv6c.cloudfront.net/pub/media/catalog/product/large/0c45eae974d7e8b8ea05fe224292aa10830e4110_xxl-1.jpg', 'h&m', 'kuning', 'kulit'),
(235, 143, 'Flat shoes merah H&M', 'ukuran 36-40', 150000, 'https://d29c1z66frfv6c.cloudfront.net/pub/media/catalog/product/large/a858c56539677991080429f1277655016fcc4816_xxl-1.jpg', 'h&m', 'merah', 'kulit');



